
#include "lvgl.h"

static const uint8_t img_biyanzhuangtai_rotated_cw_data[18870] = {
0xff, 0xff, 0xff, 0xff, 0xff, 0xff, 0xff, 0xff, 0xff, 0xff, 0xff, 0xff, 0xff, 0xff, 0xff, 0xff,
0xff, 0xff, 0xff, 0xff, 0xff, 0xff, 0xff, 0xff, 0xff, 0xff, 0xff, 0xff, 0xff, 0xff, 0xff, 0xff,
0xff, 0xff, 0xff, 0xff, 0xff, 0xff, 0xff, 0xff, 0xff, 0xff, 0xff, 0xff, 0xff, 0xff, 0xff, 0xff,
0xff, 0xff, 0xff, 0xff, 0xff, 0xff, 0xff, 0xff, 0xff, 0xff, 0xff, 0xff, 0xff, 0xff, 0xff, 0xff,
0xff, 0xff, 0xff, 0xff, 0xff, 0xff, 0xff, 0xff, 0xff, 0xff, 0xff, 0xff, 0xff, 0xff, 0xff, 0xff,
0xff, 0xff, 0x00, 0x00, 0x00, 0x00, 0x00, 0x00, 0x00, 0x00, 0xff, 0xff, 0xff, 0xff, 0xff, 0xff,
0xff, 0xff, 0xff, 0xff, 0xff, 0xff, 0xff, 0xff, 0xff, 0xff, 0xff, 0xff, 0xff, 0xff, 0xff, 0xff,
0xff, 0xff, 0xff, 0xff, 0xff, 0xff, 0xff, 0xff, 0xff, 0xff, 0xff, 0xff, 0xff, 0xff, 0xff, 0xff,
0xff, 0xff, 0xff, 0xff, 0xff, 0xff, 0xff, 0xff, 0xff, 0xff, 0xff, 0xff, 0xff, 0xff, 0xff, 0xff,
0xff, 0xff, 0xff, 0xff, 0xff, 0xff, 0xff, 0xff, 0xff, 0xff, 0xff, 0xff, 0xff, 0xff, 0xff, 0xff,
0xff, 0xff, 0xff, 0xff, 0xff, 0xff, 0xff, 0xff, 0xff, 0xff, 0x00, 0x00, 0x00, 0x00, 0x00, 0x00,
0x00, 0x00, 0x00, 0x00, 0x00, 0x00, 0x00, 0x00, 0x00, 0x00, 0x00, 0x00, 0x00, 0x00, 0x00, 0x00,
0x00, 0x00, 0x00, 0x00, 0x00, 0x00, 0x00, 0x00, 0x00, 0x00, 0x00, 0x00, 0x00, 0x00, 0x00, 0x00,
0x00, 0x00, 0x00, 0x00, 0x00, 0x00, 0x00, 0x00, 0x00, 0x00, 0x00, 0x00, 0x00, 0x00, 0x00, 0x00,
0x00, 0x00, 0x00, 0x00, 0x00, 0x00, 0x00, 0x00, 0x00, 0x00, 0x00, 0x00, 0x00, 0x00, 0x00, 0x00,
0x00, 0x00, 0x00, 0x00, 0x00, 0x00, 0x00, 0x00, 0x00, 0x00, 0x00, 0x00, 0x00, 0x00, 0x00, 0x00,
0x00, 0x00, 0x00, 0x00, 0x00, 0x00, 0x00, 0x00, 0x00, 0x00, 0x00, 0x00, 0x00, 0x00, 0x00, 0x00,
0x00, 0x00, 0x00, 0x00, 0x00, 0x00, 0x00, 0x00, 0x00, 0x00, 0x00, 0x00, 0x00, 0x00, 0x00, 0x00,
0x00, 0x00, 0x00, 0x00, 0x00, 0x00, 0x00, 0x00, 0x00, 0x00, 0x00, 0x00, 0x00, 0x00, 0x00, 0x00,
0x00, 0x00, 0x00, 0x00, 0x00, 0x00, 0x00, 0x00, 0x00, 0x00, 0x00, 0x00, 0x00, 0x00, 0x00, 0x00,
0x00, 0x00, 0x00, 0x00, 0x00, 0x00, 0x00, 0x00, 0x00, 0x00, 0x00, 0x00, 0x00, 0x00, 0x00, 0x00,
0x00, 0x00, 0x00, 0x00, 0x00, 0x00, 0x00, 0x00, 0x00, 0x00, 0x00, 0x00, 0x00, 0x00, 0x00, 0x00,
0x00, 0x00, 0x00, 0x00, 0x00, 0x00, 0x00, 0x00, 0x00, 0x00, 0x00, 0x00, 0x00, 0x00, 0x00, 0x00,
0x00, 0x00, 0x00, 0x00, 0x00, 0x00, 0x00, 0x00, 0x00, 0x00, 0x00, 0x00, 0x00, 0x00, 0x00, 0x00,
0x00, 0x00, 0x00, 0x00, 0x00, 0x00, 0x00, 0x00, 0x00, 0x00, 0x00, 0x00, 0x00, 0x00, 0x00, 0x00,
0x00, 0x00, 0x00, 0x00, 0x00, 0x00, 0x00, 0x00, 0x00, 0x00, 0x00, 0x00, 0x00, 0x00, 0x00, 0x00,
0x00, 0x00, 0x00, 0x00, 0x00, 0x00, 0x00, 0x00, 0x00, 0x00, 0x00, 0x00, 0x00, 0x00, 0x00, 0x00,
0x00, 0x00, 0x00, 0x00, 0x00, 0x00, 0x00, 0x00, 0x00, 0x00, 0x00, 0x00, 0x00, 0x00, 0x00, 0x00,
0x00, 0x00, 0x00, 0x00, 0x00, 0x00, 0x00, 0x00, 0x00, 0x00, 0x00, 0x00, 0x00, 0x00, 0x00, 0x00,
0x00, 0x00, 0x00, 0x00, 0x00, 0x00, 0x00, 0x00, 0x00, 0x00, 0x00, 0x00, 0x00, 0x00, 0x00, 0x00,
0x00, 0x00, 0x00, 0x00, 0x00, 0x00, 0x00, 0x00, 0x00, 0x00, 0x00, 0x00, 0x00, 0x00, 0x00, 0x00,
0x00, 0x00, 0x00, 0x00, 0x00, 0x00, 0x00, 0x00, 0x00, 0x00, 0x00, 0x00, 0x00, 0x00, 0x00, 0x00,
0x00, 0x00, 0x00, 0x00, 0x00, 0x00, 0x00, 0x00, 0x00, 0x00, 0x00, 0x00, 0x00, 0x00, 0x00, 0x00,
0x00, 0x00, 0x00, 0x00, 0x00, 0x00, 0x00, 0x00, 0x00, 0x00, 0x00, 0x00, 0x00, 0x00, 0x00, 0x00,
0x00, 0x00, 0x00, 0x00, 0x00, 0x00, 0x00, 0x00, 0x00, 0x00, 0x00, 0x00, 0x00, 0x00, 0x00, 0x00,
0x00, 0x00, 0x00, 0x00, 0x00, 0x00, 0x00, 0x00, 0x00, 0x00, 0x00, 0x00, 0x00, 0x00, 0x00, 0x00,
0x00, 0x00, 0x00, 0x00, 0x00, 0x00, 0x00, 0x00, 0x00, 0x00, 0x00, 0x00, 0x00, 0x00, 0x00, 0x00,
0x00, 0x00, 0x00, 0x00, 0x00, 0x00, 0x00, 0x00, 0x00, 0x00, 0x00, 0x00, 0x00, 0x00, 0x00, 0x00,
0x00, 0x00, 0x00, 0x00, 0x00, 0x00, 0x00, 0x00, 0x00, 0x00, 0x00, 0x00, 0x00, 0x00, 0x00, 0x00,
0x00, 0x00, 0x00, 0x00, 0x00, 0x00, 0x00, 0x00, 0x00, 0x00, 0x00, 0x00, 0x00, 0x00, 0x00, 0x00,
0x00, 0x00, 0x00, 0x00, 0x00, 0x00, 0x00, 0x00, 0x00, 0x00, 0x00, 0x00, 0x00, 0x00, 0x00, 0x00,
0x00, 0x00, 0x00, 0x00, 0x00, 0x00, 0x00, 0x00, 0x00, 0x00, 0x00, 0x00, 0x00, 0x00, 0x00, 0x00,
0x00, 0x00, 0x00, 0x00, 0x00, 0x00, 0x00, 0x00, 0x00, 0x00, 0x00, 0x00, 0x00, 0x00, 0x00, 0x00,
0x00, 0x00, 0x00, 0x00, 0x00, 0x00, 0x00, 0x00, 0x00, 0x00, 0x00, 0x00, 0x00, 0x00, 0x00, 0x00,
0x00, 0x00, 0x00, 0x00, 0x00, 0x00, 0x00, 0x00, 0x00, 0x00, 0x00, 0x00, 0x00, 0x00, 0x00, 0x00,
0x00, 0x00, 0x00, 0x00, 0x00, 0x00, 0x00, 0x00, 0x00, 0x00, 0x00, 0x00, 0x00, 0x00, 0x00, 0x00,
0x00, 0x00, 0x00, 0x00, 0x00, 0x00, 0x00, 0x00, 0x00, 0x00, 0x00, 0x00, 0x00, 0x00, 0x00, 0x00,
0x00, 0x00, 0x00, 0x00, 0x00, 0x00, 0x00, 0x00, 0x00, 0x00, 0x00, 0x00, 0x00, 0x00, 0x00, 0x00,
0x00, 0x00, 0x00, 0x00, 0x00, 0x00, 0x00, 0x00, 0x00, 0x00, 0x00, 0x00, 0x00, 0x00, 0x00, 0x00,
0x00, 0x00, 0x00, 0x00, 0x00, 0x00, 0x00, 0x00, 0x00, 0x00, 0x00, 0x00, 0x00, 0x00, 0x00, 0x00,
0x00, 0x00, 0x00, 0x00, 0x00, 0x00, 0x00, 0x00, 0x00, 0x00, 0x00, 0x00, 0x00, 0x00, 0x00, 0x00,
0x00, 0x00, 0x00, 0x00, 0x00, 0x00, 0x00, 0x00, 0x00, 0x00, 0x00, 0x00, 0x00, 0x00, 0x00, 0x00,
0x00, 0x00, 0x00, 0x00, 0x00, 0x00, 0x00, 0x00, 0x00, 0x00, 0x00, 0x00, 0x00, 0x00, 0x00, 0x00,
0x00, 0x00, 0x00, 0x00, 0x60, 0xfd, 0x60, 0xfd, 0x60, 0xfd, 0x60, 0xfd, 0x60, 0xfd, 0x60, 0xfd,
0x60, 0xfd, 0x60, 0xfd, 0x60, 0xfd, 0x60, 0xfd, 0x60, 0xfd, 0x60, 0xfd, 0x60, 0xfd, 0x60, 0xfd,
0x60, 0xfd, 0x60, 0xfd, 0x60, 0xfd, 0x60, 0xfd, 0x60, 0xfd, 0x60, 0xfd, 0x00, 0x00, 0x00, 0x00,
0x00, 0x00, 0x00, 0x00, 0x00, 0x00, 0x00, 0x00, 0x00, 0x00, 0x00, 0x00, 0x00, 0x00, 0x00, 0x00,
0x00, 0x00, 0x00, 0x00, 0xa0, 0x18, 0xa0, 0x49, 0x80, 0x7a, 0x60, 0xa3, 0x20, 0xbc, 0xa0, 0xd4,
0x20, 0xed, 0x00, 0x00, 0x00, 0x00, 0x00, 0x00, 0x00, 0x00, 0x40, 0xf5, 0x00, 0xed, 0xc0, 0xdc,
0x40, 0xc4, 0x80, 0xa3, 0xc0, 0x82, 0xe0, 0x51, 0xc0, 0x20, 0x00, 0x00, 0x00, 0x00, 0x00, 0x00,
0x00, 0x00, 0x00, 0x00, 0x00, 0x00, 0x00, 0x00, 0x00, 0x00, 0x00, 0x00, 0x00, 0x00, 0x00, 0x00,
0x00, 0x00, 0x60, 0xfd, 0x60, 0xfd, 0x60, 0xfd, 0x60, 0xfd, 0x60, 0xfd, 0x60, 0xfd, 0x60, 0xfd,
0x60, 0xfd, 0x60, 0xfd, 0x60, 0xfd, 0x60, 0xfd, 0x60, 0xfd, 0x60, 0xfd, 0x60, 0xfd, 0x60, 0xfd,
0x60, 0xfd, 0x60, 0xfd, 0x60, 0xfd, 0x60, 0xfd, 0x00, 0x00, 0x00, 0x00, 0x00, 0x00, 0x60, 0xfd,
0x60, 0xfd, 0x60, 0xfd, 0x60, 0xfd, 0x60, 0xfd, 0x60, 0xfd, 0x60, 0xfd, 0x60, 0xfd, 0x60, 0xfd,
0x60, 0xfd, 0x60, 0xfd, 0x60, 0xfd, 0x60, 0xfd, 0x60, 0xfd, 0x60, 0xfd, 0x60, 0xfd, 0x60, 0xfd,
0x60, 0xfd, 0x00, 0x00, 0x00, 0x00, 0x00, 0x00, 0x00, 0x00, 0x00, 0x00, 0x00, 0x00, 0x00, 0x00,
0x00, 0x00, 0x00, 0x00, 0x00, 0x00, 0x40, 0x08, 0xc0, 0x51, 0x60, 0x9b, 0xc0, 0xdc, 0x60, 0xfd,
0x60, 0xfd, 0x60, 0xfd, 0x60, 0xfd, 0x60, 0xfd, 0x60, 0xfd, 0x60, 0xfd, 0x00, 0x00, 0x00, 0x00,
0x00, 0x00, 0x00, 0x00, 0x60, 0xfd, 0x60, 0xfd, 0x60, 0xfd, 0x60, 0xfd, 0x60, 0xfd, 0x60, 0xfd,
0x60, 0xfd, 0x60, 0xfd, 0x00, 0xed, 0xc0, 0xab, 0x20, 0x62, 0x80, 0x18, 0x00, 0x00, 0x00, 0x00,
0x00, 0x00, 0x00, 0x00, 0x00, 0x00, 0x00, 0x00, 0x00, 0x00, 0x00, 0x00, 0x00, 0x00, 0x00, 0x00,
0x60, 0xfd, 0x60, 0xfd, 0x60, 0xfd, 0x60, 0xfd, 0x60, 0xfd, 0x60, 0xfd, 0x60, 0xfd, 0x60, 0xfd,
0x60, 0xfd, 0x60, 0xfd, 0x60, 0xfd, 0x60, 0xfd, 0x60, 0xfd, 0x60, 0xfd, 0x60, 0xfd, 0x60, 0xfd,
0x60, 0xfd, 0x00, 0x00, 0x00, 0x00, 0x00, 0x00, 0x60, 0xfd, 0x60, 0xfd, 0x60, 0xfd, 0x60, 0xfd,
0x60, 0xfd, 0x60, 0xfd, 0x60, 0xfd, 0x60, 0xfd, 0x60, 0xfd, 0x60, 0xfd, 0x60, 0xfd, 0x60, 0xfd,
0x60, 0xfd, 0x60, 0xfd, 0x60, 0xfd, 0x60, 0xfd, 0x00, 0x00, 0x00, 0x00, 0x00, 0x00, 0x00, 0x00,
0x00, 0x00, 0x00, 0x00, 0x00, 0x00, 0x00, 0x00, 0x00, 0x00, 0x20, 0x08, 0x00, 0x5a, 0xe0, 0xb3,
0x40, 0xf5, 0x60, 0xfd, 0x60, 0xfd, 0x60, 0xfd, 0x60, 0xfd, 0x60, 0xfd, 0x60, 0xfd, 0x60, 0xfd,
0x60, 0xfd, 0x60, 0xfd, 0x60, 0xfd, 0x00, 0x00, 0x00, 0x00, 0x00, 0x00, 0x00, 0x00, 0x60, 0xfd,
0x60, 0xfd, 0x60, 0xfd, 0x60, 0xfd, 0x60, 0xfd, 0x60, 0xfd, 0x60, 0xfd, 0x60, 0xfd, 0x60, 0xfd,
0x60, 0xfd, 0x60, 0xfd, 0x60, 0xf5, 0x40, 0xc4, 0x60, 0x6a, 0x60, 0x10, 0x00, 0x00, 0x00, 0x00,
0x00, 0x00, 0x00, 0x00, 0x00, 0x00, 0x00, 0x00, 0x00, 0x00, 0x00, 0x00, 0x00, 0x00, 0x60, 0xfd,
0x60, 0xfd, 0x60, 0xfd, 0x60, 0xfd, 0x60, 0xfd, 0x60, 0xfd, 0x60, 0xfd, 0x60, 0xfd, 0x60, 0xfd,
0x60, 0xfd, 0x60, 0xfd, 0x60, 0xfd, 0x60, 0xfd, 0x60, 0xfd, 0x60, 0xfd, 0x00, 0x00, 0x00, 0x00,
0x00, 0x00, 0x60, 0xfd, 0x60, 0xfd, 0x60, 0xfd, 0x60, 0xfd, 0x60, 0xfd, 0x60, 0xfd, 0x60, 0xfd,
0x60, 0xfd, 0x60, 0xfd, 0x60, 0xfd, 0x60, 0xfd, 0x60, 0xfd, 0x60, 0xfd, 0x60, 0xfd, 0x60, 0xfd,
0x00, 0x00, 0x00, 0x00, 0x00, 0x00, 0x00, 0x00, 0x00, 0x00, 0x00, 0x00, 0x00, 0x00, 0x00, 0x00,
0xc0, 0x20, 0xe0, 0x8a, 0xe0, 0xe4, 0x60, 0xfd, 0x60, 0xfd, 0x60, 0xfd, 0x60, 0xfd, 0x60, 0xfd,
0x60, 0xfd, 0x60, 0xfd, 0x60, 0xfd, 0x60, 0xfd, 0x60, 0xfd, 0x60, 0xfd, 0x60, 0xfd, 0x60, 0xfd,
0x00, 0x00, 0x00, 0x00, 0x00, 0x00, 0x00, 0x00, 0x60, 0xfd, 0x60, 0xfd, 0x60, 0xfd, 0x60, 0xfd,
0x60, 0xfd, 0x60, 0xfd, 0x60, 0xfd, 0x60, 0xfd, 0x60, 0xfd, 0x60, 0xfd, 0x60, 0xfd, 0x60, 0xfd,
0x60, 0xfd, 0x60, 0xfd, 0x20, 0xf5, 0x60, 0x9b, 0x20, 0x31, 0x00, 0x00, 0x00, 0x00, 0x00, 0x00,
0x00, 0x00, 0x00, 0x00, 0x00, 0x00, 0x00, 0x00, 0x00, 0x00, 0x60, 0xfd, 0x60, 0xfd, 0x60, 0xfd,
0x60, 0xfd, 0x60, 0xfd, 0x60, 0xfd, 0x60, 0xfd, 0x60, 0xfd, 0x60, 0xfd, 0x60, 0xfd, 0x60, 0xfd,
0x60, 0xfd, 0x60, 0xfd, 0x60, 0xfd, 0x00, 0x00, 0x00, 0x00, 0x00, 0x00, 0x60, 0xfd, 0x60, 0xfd,
0x60, 0xfd, 0x60, 0xfd, 0x60, 0xfd, 0x60, 0xfd, 0x60, 0xfd, 0x60, 0xfd, 0x60, 0xfd, 0x60, 0xfd,
0x60, 0xfd, 0x60, 0xfd, 0x60, 0xfd, 0x00, 0x00, 0x00, 0x00, 0x00, 0x00, 0x00, 0x00, 0x00, 0x00,
0x00, 0x00, 0x00, 0x00, 0x00, 0x00, 0xa0, 0x18, 0x40, 0x9b, 0x40, 0xf5, 0x60, 0xfd, 0x60, 0xfd,
0x60, 0xfd, 0x60, 0xfd, 0x60, 0xfd, 0x60, 0xfd, 0x60, 0xfd, 0x60, 0xfd, 0x60, 0xfd, 0x60, 0xfd,
0x60, 0xfd, 0x60, 0xfd, 0x60, 0xfd, 0x60, 0xfd, 0x60, 0xfd, 0x00, 0x00, 0x00, 0x00, 0x00, 0x00,
0x00, 0x00, 0x60, 0xfd, 0x60, 0xfd, 0x60, 0xfd, 0x60, 0xfd, 0x60, 0xfd, 0x60, 0xfd, 0x60, 0xfd,
0x60, 0xfd, 0x60, 0xfd, 0x60, 0xfd, 0x60, 0xfd, 0x60, 0xfd, 0x60, 0xfd, 0x60, 0xfd, 0x60, 0xfd,
0x60, 0xfd, 0x60, 0xfd, 0xe0, 0xb3, 0x00, 0x31, 0x00, 0x00, 0x00, 0x00, 0x00, 0x00, 0x00, 0x00,
0x00, 0x00, 0x00, 0x00, 0x00, 0x00, 0x00, 0x00, 0x60, 0xfd, 0x60, 0xfd, 0x60, 0xfd, 0x60, 0xfd,
0x60, 0xfd, 0x60, 0xfd, 0x60, 0xfd, 0x60, 0xfd, 0x60, 0xfd, 0x60, 0xfd, 0x60, 0xfd, 0x60, 0xfd,
0x00, 0x00, 0x00, 0x00, 0x00, 0x00, 0x60, 0xfd, 0x60, 0xfd, 0x60, 0xfd, 0x60, 0xfd, 0x60, 0xfd,
0x60, 0xfd, 0x60, 0xfd, 0x60, 0xfd, 0x60, 0xfd, 0x60, 0xfd, 0x60, 0xfd, 0x60, 0xfd, 0x00, 0x00,
0x00, 0x00, 0x00, 0x00, 0x00, 0x00, 0x00, 0x00, 0x00, 0x00, 0x00, 0x00, 0x40, 0x10, 0x00, 0x8b,
0x40, 0xf5, 0x60, 0xfd, 0x60, 0xfd, 0x60, 0xfd, 0x60, 0xfd, 0x60, 0xfd, 0x60, 0xfd, 0x60, 0xfd,
0x60, 0xfd, 0x60, 0xfd, 0x60, 0xfd, 0x60, 0xfd, 0x60, 0xfd, 0x60, 0xfd, 0x60, 0xfd, 0x60, 0xfd,
0x60, 0xfd, 0x60, 0xfd, 0x00, 0x00, 0x00, 0x00, 0x00, 0x00, 0x00, 0x00, 0x60, 0xfd, 0x60, 0xfd,
0x60, 0xfd, 0x60, 0xfd, 0x60, 0xfd, 0x60, 0xfd, 0x60, 0xfd, 0x60, 0xfd, 0x60, 0xfd, 0x60, 0xfd,
0x60, 0xfd, 0x60, 0xfd, 0x60, 0xfd, 0x60, 0xfd, 0x60, 0xfd, 0x60, 0xfd, 0x60, 0xfd, 0x60, 0xfd,
0x60, 0xfd, 0xa0, 0xab, 0xa0, 0x20, 0x00, 0x00, 0x00, 0x00, 0x00, 0x00, 0x00, 0x00, 0x00, 0x00,
0x00, 0x00, 0x00, 0x00, 0x60, 0xfd, 0x60, 0xfd, 0x60, 0xfd, 0x60, 0xfd, 0x60, 0xfd, 0x60, 0xfd,
0x60, 0xfd, 0x60, 0xfd, 0x60, 0xfd, 0x60, 0xfd, 0x60, 0xfd, 0x00, 0x00, 0x00, 0x00, 0x00, 0x00,
0x60, 0xfd, 0x60, 0xfd, 0x60, 0xfd, 0x60, 0xfd, 0x60, 0xfd, 0x60, 0xfd, 0x60, 0xfd, 0x60, 0xfd,
0x60, 0xfd, 0x60, 0xfd, 0x60, 0xfd, 0x00, 0x00, 0x00, 0x00, 0x00, 0x00, 0x00, 0x00, 0x00, 0x00,
0x00, 0x00, 0x00, 0x00, 0xc0, 0x51, 0xe0, 0xe4, 0x60, 0xfd, 0x60, 0xfd, 0x60, 0xfd, 0x60, 0xfd,
0x60, 0xfd, 0x60, 0xfd, 0x60, 0xfd, 0x60, 0xfd, 0x60, 0xfd, 0x60, 0xfd, 0x60, 0xfd, 0x60, 0xfd,
0x60, 0xfd, 0x60, 0xfd, 0x60, 0xfd, 0x60, 0xfd, 0x60, 0xfd, 0x60, 0xfd, 0x60, 0xfd, 0x00, 0x00,
0x00, 0x00, 0x00, 0x00, 0x00, 0x00, 0x60, 0xfd, 0x60, 0xfd, 0x60, 0xfd, 0x60, 0xfd, 0x60, 0xfd,
0x60, 0xfd, 0x60, 0xfd, 0x60, 0xfd, 0x60, 0xfd, 0x60, 0xfd, 0x60, 0xfd, 0x60, 0xfd, 0x60, 0xfd,
0x60, 0xfd, 0x60, 0xfd, 0x60, 0xfd, 0x60, 0xfd, 0x60, 0xfd, 0x60, 0xfd, 0x60, 0xfd, 0x40, 0xf5,
0x80, 0x72, 0x00, 0x00, 0x00, 0x00, 0x00, 0x00, 0x00, 0x00, 0x00, 0x00, 0x00, 0x00, 0x00, 0x00,
0x60, 0xfd, 0x60, 0xfd, 0x60, 0xfd, 0x60, 0xfd, 0x60, 0xfd, 0x60, 0xfd, 0x60, 0xfd, 0x60, 0xfd,
0x60, 0xfd, 0x60, 0xfd, 0x00, 0x00, 0x00, 0x00, 0x00, 0x00, 0x60, 0xfd, 0x60, 0xfd, 0x60, 0xfd,
0x60, 0xfd, 0x60, 0xfd, 0x60, 0xfd, 0x60, 0xfd, 0x60, 0xfd, 0x60, 0xfd, 0x60, 0xfd, 0x00, 0x00,
0x00, 0x00, 0x00, 0x00, 0x00, 0x00, 0x00, 0x00, 0x00, 0x00, 0x40, 0x08, 0x80, 0xa3, 0x60, 0xfd,
0x60, 0xfd, 0x60, 0xfd, 0x60, 0xfd, 0x60, 0xfd, 0x60, 0xfd, 0x60, 0xfd, 0x60, 0xfd, 0x60, 0xfd,
0x60, 0xfd, 0x60, 0xfd, 0x60, 0xfd, 0x60, 0xfd, 0x60, 0xfd, 0x60, 0xfd, 0x60, 0xfd, 0x60, 0xfd,
0x60, 0xfd, 0x60, 0xfd, 0x60, 0xfd, 0x60, 0xfd, 0x00, 0x00, 0x00, 0x00, 0x00, 0x00, 0x00, 0x00,
0x60, 0xfd, 0x60, 0xfd, 0x60, 0xfd, 0x60, 0xfd, 0x60, 0xfd, 0x60, 0xfd, 0x60, 0xfd, 0x60, 0xfd,
0x60, 0xfd, 0x60, 0xfd, 0x60, 0xfd, 0x60, 0xfd, 0x60, 0xfd, 0x60, 0xfd, 0x60, 0xfd, 0x60, 0xfd,
0x60, 0xfd, 0x60, 0xfd, 0x60, 0xfd, 0x60, 0xfd, 0x60, 0xfd, 0x60, 0xfd, 0x40, 0xc4, 0xc0, 0x20,
0x00, 0x00, 0x00, 0x00, 0x00, 0x00, 0x00, 0x00, 0x00, 0x00, 0x00, 0x00, 0x60, 0xfd, 0x60, 0xfd,
0x60, 0xfd, 0x60, 0xfd, 0x60, 0xfd, 0x60, 0xfd, 0x60, 0xfd, 0x60, 0xfd, 0x60, 0xfd, 0x00, 0x00,
0x00, 0x00, 0x00, 0x00, 0x60, 0xfd, 0x60, 0xfd, 0x60, 0xfd, 0x60, 0xfd, 0x60, 0xfd, 0x60, 0xfd,
0x60, 0xfd, 0x60, 0xfd, 0x60, 0xfd, 0x00, 0x00, 0x00, 0x00, 0x00, 0x00, 0x00, 0x00, 0x00, 0x00,
0x00, 0x00, 0xe0, 0x28, 0x80, 0xd4, 0x60, 0xfd, 0x60, 0xfd, 0x60, 0xfd, 0x60, 0xfd, 0x60, 0xfd,
0x60, 0xfd, 0x60, 0xfd, 0x60, 0xfd, 0x60, 0xfd, 0x60, 0xfd, 0x60, 0xfd, 0x60, 0xfd, 0x60, 0xfd,
0x60, 0xfd, 0x60, 0xfd, 0x60, 0xfd, 0x60, 0xfd, 0x60, 0xfd, 0x60, 0xfd, 0x60, 0xfd, 0x60, 0xfd,
0x60, 0xfd, 0x00, 0x00, 0x00, 0x00, 0x00, 0x00, 0x00, 0x00, 0x60, 0xfd, 0x60, 0xfd, 0x60, 0xfd,
0x60, 0xfd, 0x60, 0xfd, 0x60, 0xfd, 0x60, 0xfd, 0x60, 0xfd, 0x60, 0xfd, 0x60, 0xfd, 0x60, 0xfd,
0x60, 0xfd, 0x60, 0xfd, 0x60, 0xfd, 0x60, 0xfd, 0x60, 0xfd, 0x60, 0xfd, 0x60, 0xfd, 0x60, 0xfd,
0x60, 0xfd, 0x60, 0xfd, 0x60, 0xfd, 0x60, 0xfd, 0x20, 0xed, 0xc0, 0x51, 0x00, 0x00, 0x00, 0x00,
0x00, 0x00, 0x00, 0x00, 0x00, 0x00, 0x00, 0x00, 0x60, 0xfd, 0x60, 0xfd, 0x60, 0xfd, 0x60, 0xfd,
0x60, 0xfd, 0x60, 0xfd, 0x60, 0xfd, 0x60, 0xfd, 0x00, 0x00, 0x00, 0x00, 0x00, 0x00, 0x60, 0xfd,
0x60, 0xfd, 0x60, 0xfd, 0x60, 0xfd, 0x60, 0xfd, 0x60, 0xfd, 0x60, 0xfd, 0x60, 0xfd, 0x00, 0x00,
0x00, 0x00, 0x00, 0x00, 0x00, 0x00, 0x00, 0x00, 0x00, 0x00, 0xa0, 0x49, 0x20, 0xed, 0x60, 0xfd,
0x60, 0xfd, 0x60, 0xfd, 0x60, 0xfd, 0x60, 0xfd, 0x60, 0xfd, 0x60, 0xfd, 0x60, 0xfd, 0x60, 0xfd,
0x60, 0xfd, 0x60, 0xfd, 0x60, 0xfd, 0x60, 0xfd, 0x60, 0xfd, 0x60, 0xfd, 0x60, 0xfd, 0x60, 0xfd,
0x60, 0xfd, 0x60, 0xfd, 0x60, 0xfd, 0x60, 0xfd, 0x60, 0xfd, 0x60, 0xfd, 0x00, 0x00, 0x00, 0x00,
0x00, 0x00, 0x00, 0x00, 0x60, 0xfd, 0x60, 0xfd, 0x60, 0xfd, 0x60, 0xfd, 0x60, 0xfd, 0x60, 0xfd,
0x60, 0xfd, 0x60, 0xfd, 0x60, 0xfd, 0x60, 0xfd, 0x60, 0xfd, 0x60, 0xfd, 0x60, 0xfd, 0x60, 0xfd,
0x60, 0xfd, 0x60, 0xfd, 0x60, 0xfd, 0x60, 0xfd, 0x60, 0xfd, 0x60, 0xfd, 0x60, 0xfd, 0x60, 0xfd,
0x60, 0xfd, 0x60, 0xfd, 0x60, 0xfd, 0xa0, 0x7a, 0x00, 0x00, 0x00, 0x00, 0x00, 0x00, 0x00, 0x00,
0x00, 0x00, 0x00, 0x00, 0x60, 0xfd, 0x60, 0xfd, 0x60, 0xfd, 0x60, 0xfd, 0x60, 0xfd, 0x60, 0xfd,
0x60, 0xfd, 0x00, 0x00, 0x00, 0x00, 0x00, 0x00, 0x60, 0xfd, 0x60, 0xfd, 0x60, 0xfd, 0x60, 0xfd,
0x60, 0xfd, 0x60, 0xfd, 0x60, 0xfd, 0x00, 0x00, 0x00, 0x00, 0x00, 0x00, 0x00, 0x00, 0x00, 0x00,
0x00, 0x00, 0xe0, 0x59, 0x40, 0xf5, 0x60, 0xfd, 0x60, 0xfd, 0x60, 0xfd, 0x60, 0xfd, 0x60, 0xfd,
0x60, 0xfd, 0x60, 0xfd, 0x60, 0xfd, 0x60, 0xfd, 0x60, 0xfd, 0x60, 0xfd, 0x60, 0xfd, 0x60, 0xfd,
0x60, 0xfd, 0x60, 0xfd, 0x60, 0xfd, 0x60, 0xfd, 0x60, 0xfd, 0x60, 0xfd, 0x60, 0xfd, 0x60, 0xfd,
0x60, 0xfd, 0x60, 0xfd, 0x60, 0xfd, 0x00, 0x00, 0x00, 0x00, 0x00, 0x00, 0x00, 0x00, 0x60, 0xfd,
0x60, 0xfd, 0x60, 0xfd, 0x60, 0xfd, 0x60, 0xfd, 0x60, 0xfd, 0x60, 0xfd, 0x60, 0xfd, 0x60, 0xfd,
0x60, 0xfd, 0x60, 0xfd, 0x60, 0xfd, 0x60, 0xfd, 0x60, 0xfd, 0x60, 0xfd, 0x60, 0xfd, 0x60, 0xfd,
0x60, 0xfd, 0x60, 0xfd, 0x60, 0xfd, 0x60, 0xfd, 0x60, 0xfd, 0x60, 0xfd, 0x60, 0xfd, 0x60, 0xfd,
0x60, 0xfd, 0x20, 0x93, 0x00, 0x00, 0x00, 0x00, 0x00, 0x00, 0x00, 0x00, 0x00, 0x00, 0x00, 0x00,
0x60, 0xfd, 0x60, 0xfd, 0x60, 0xfd, 0x60, 0xfd, 0x60, 0xfd, 0x60, 0xfd, 0x00, 0x00, 0x00, 0x00,
0x00, 0x00, 0x60, 0xfd, 0x60, 0xfd, 0x60, 0xfd, 0x60, 0xfd, 0x60, 0xfd, 0x60, 0xfd, 0x00, 0x00,
0x00, 0x00, 0x00, 0x00, 0x00, 0x00, 0x00, 0x00, 0x00, 0x00, 0x40, 0x6a, 0x60, 0xfd, 0x60, 0xfd,
0x60, 0xfd, 0x60, 0xfd, 0x60, 0xfd, 0x60, 0xfd, 0x60, 0xfd, 0x60, 0xfd, 0x60, 0xfd, 0x60, 0xfd,
0x60, 0xfd, 0x60, 0xfd, 0x60, 0xfd, 0x60, 0xfd, 0x60, 0xfd, 0x60, 0xfd, 0x60, 0xfd, 0x60, 0xfd,
0x60, 0xfd, 0x60, 0xfd, 0x60, 0xfd, 0x60, 0xfd, 0x60, 0xfd, 0x60, 0xfd, 0x60, 0xfd, 0x60, 0xfd,
0x00, 0x00, 0x00, 0x00, 0x00, 0x00, 0x00, 0x00, 0x60, 0xfd, 0x60, 0xfd, 0x60, 0xfd, 0x60, 0xfd,
0x60, 0xfd, 0x60, 0xfd, 0x60, 0xfd, 0x60, 0xfd, 0x60, 0xfd, 0x60, 0xfd, 0x60, 0xfd, 0x60, 0xfd,
0x60, 0xfd, 0x60, 0xfd, 0x60, 0xfd, 0x60, 0xfd, 0x60, 0xfd, 0x60, 0xfd, 0x60, 0xfd, 0x60, 0xfd,
0x60, 0xfd, 0x60, 0xfd, 0x60, 0xfd, 0x60, 0xfd, 0x60, 0xfd, 0x60, 0xfd, 0x60, 0xfd, 0x60, 0x9b,
0x00, 0x00, 0x00, 0x00, 0x00, 0x00, 0x00, 0x00, 0x00, 0x00, 0x00, 0x00, 0x60, 0xfd, 0x60, 0xfd,
0x60, 0xfd, 0x60, 0xfd, 0x60, 0xfd, 0x00, 0x00, 0x00, 0x00, 0x00, 0x00, 0x60, 0xfd, 0x60, 0xfd,
0x60, 0xfd, 0x60, 0xfd, 0x60, 0xfd, 0x60, 0xfd, 0x00, 0x00, 0x00, 0x00, 0x00, 0x00, 0x00, 0x00,
0x00, 0x00, 0x00, 0x62, 0x60, 0xfd, 0x60, 0xfd, 0x60, 0xfd, 0x60, 0xfd, 0x60, 0xfd, 0x60, 0xfd,
0x60, 0xfd, 0x60, 0xfd, 0x60, 0xfd, 0x60, 0xfd, 0x60, 0xfd, 0x60, 0xfd, 0x60, 0xfd, 0x60, 0xfd,
0x60, 0xfd, 0x60, 0xfd, 0x60, 0xfd, 0x60, 0xfd, 0x60, 0xfd, 0x60, 0xfd, 0x60, 0xfd, 0x60, 0xfd,
0x60, 0xfd, 0x60, 0xfd, 0x60, 0xfd, 0x60, 0xfd, 0x60, 0xfd, 0x00, 0x00, 0x00, 0x00, 0x00, 0x00,
0x00, 0x00, 0x60, 0xfd, 0x60, 0xfd, 0x60, 0xfd, 0x60, 0xfd, 0x60, 0xfd, 0x60, 0xfd, 0x60, 0xfd,
0x60, 0xfd, 0x60, 0xfd, 0x60, 0xfd, 0x60, 0xfd, 0x60, 0xfd, 0x60, 0xfd, 0x60, 0xfd, 0x60, 0xfd,
0x60, 0xfd, 0x60, 0xfd, 0x60, 0xfd, 0x60, 0xfd, 0x60, 0xfd, 0x60, 0xfd, 0x60, 0xfd, 0x60, 0xfd,
0x60, 0xfd, 0x60, 0xfd, 0x60, 0xfd, 0x60, 0xfd, 0x60, 0xfd, 0x20, 0x93, 0x00, 0x00, 0x00, 0x00,
0x00, 0x00, 0x00, 0x00, 0x00, 0x00, 0x00, 0x00, 0x60, 0xfd, 0x60, 0xfd, 0x60, 0xfd, 0x60, 0xfd,
0x00, 0x00, 0x00, 0x00, 0x00, 0x00, 0x60, 0xfd, 0x60, 0xfd, 0x60, 0xfd, 0x60, 0xfd, 0x60, 0xfd,
0x00, 0x00, 0x00, 0x00, 0x00, 0x00, 0x00, 0x00, 0x00, 0x00, 0x60, 0x41, 0x40, 0xf5, 0x60, 0xfd,
0x60, 0xfd, 0x60, 0xfd, 0x60, 0xfd, 0x60, 0xfd, 0x60, 0xfd, 0x60, 0xfd, 0x60, 0xfd, 0x60, 0xfd,
0x60, 0xfd, 0x60, 0xfd, 0x60, 0xfd, 0x60, 0xfd, 0x60, 0xfd, 0x60, 0xfd, 0x60, 0xfd, 0x60, 0xfd,
0x60, 0xfd, 0x60, 0xfd, 0x60, 0xfd, 0x60, 0xfd, 0x60, 0xfd, 0x60, 0xfd, 0x60, 0xfd, 0x60, 0xfd,
0x60, 0xfd, 0x60, 0xfd, 0x00, 0x00, 0x00, 0x00, 0x00, 0x00, 0x00, 0x00, 0x60, 0xfd, 0x60, 0xfd,
0x60, 0xfd, 0x60, 0xfd, 0x60, 0xfd, 0x60, 0xfd, 0x60, 0xfd, 0x60, 0xfd, 0x60, 0xfd, 0x60, 0xfd,
0x60, 0xfd, 0x60, 0xfd, 0x60, 0xfd, 0x60, 0xfd, 0x60, 0xfd, 0x60, 0xfd, 0x60, 0xfd, 0x60, 0xfd,
0x60, 0xfd, 0x60, 0xfd, 0x60, 0xfd, 0x60, 0xfd, 0x60, 0xfd, 0x60, 0xfd, 0x60, 0xfd, 0x60, 0xfd,
0x60, 0xfd, 0x60, 0xfd, 0x60, 0xfd, 0x60, 0x72, 0x00, 0x00, 0x00, 0x00, 0x00, 0x00, 0x00, 0x00,
0x00, 0x00, 0x60, 0xfd, 0x60, 0xfd, 0x60, 0xfd, 0x60, 0xfd, 0x00, 0x00, 0x00, 0x00, 0x00, 0x00,
0x60, 0xfd, 0x60, 0xfd, 0x60, 0xfd, 0x60, 0xfd, 0x00, 0x00, 0x00, 0x00, 0x00, 0x00, 0x00, 0x00,
0x00, 0x00, 0xa0, 0x18, 0x00, 0xed, 0x60, 0xfd, 0x60, 0xfd, 0x60, 0xfd, 0x60, 0xfd, 0x60, 0xfd,
0x60, 0xfd, 0x60, 0xfd, 0x60, 0xfd, 0x60, 0xfd, 0x60, 0xfd, 0x60, 0xfd, 0x60, 0xfd, 0x60, 0xfd,
0x60, 0xfd, 0x60, 0xfd, 0x60, 0xfd, 0x60, 0xfd, 0x60, 0xfd, 0x60, 0xfd, 0x60, 0xfd, 0x60, 0xfd,
0x60, 0xfd, 0x60, 0xfd, 0x60, 0xfd, 0x60, 0xfd, 0x60, 0xfd, 0x60, 0xfd, 0x60, 0xfd, 0x00, 0x00,
0x00, 0x00, 0x00, 0x00, 0x00, 0x00, 0x60, 0xfd, 0x60, 0xfd, 0x60, 0xfd, 0x60, 0xfd, 0x60, 0xfd,
0x60, 0xfd, 0x60, 0xfd, 0x60, 0xfd, 0x60, 0xfd, 0x60, 0xfd, 0x60, 0xfd, 0x60, 0xfd, 0x60, 0xfd,
0x60, 0xfd, 0x60, 0xfd, 0x60, 0xfd, 0x60, 0xfd, 0x60, 0xfd, 0x60, 0xfd, 0x60, 0xfd, 0x60, 0xfd,
0x60, 0xfd, 0x60, 0xfd, 0x60, 0xfd, 0x60, 0xfd, 0x60, 0xfd, 0x60, 0xfd, 0x60, 0xfd, 0x60, 0xfd,
0x40, 0xf5, 0x60, 0x41, 0x00, 0x00, 0x00, 0x00, 0x00, 0x00, 0x00, 0x00, 0x00, 0x00, 0x60, 0xfd,
0x60, 0xfd, 0x60, 0xfd, 0x00, 0x00, 0x00, 0x00, 0x00, 0x00, 0x60, 0xfd, 0x60, 0xfd, 0x60, 0xfd,
0x60, 0xfd, 0x00, 0x00, 0x00, 0x00, 0x00, 0x00, 0x00, 0x00, 0x00, 0x00, 0x00, 0xbc, 0x60, 0xfd,
0x60, 0xfd, 0x60, 0xfd, 0x60, 0xfd, 0x60, 0xfd, 0x60, 0xfd, 0x60, 0xfd, 0x60, 0xfd, 0x60, 0xfd,
0x60, 0xfd, 0x60, 0xfd, 0x60, 0xfd, 0x60, 0xfd, 0x60, 0xfd, 0x60, 0xfd, 0x60, 0xfd, 0x60, 0xfd,
0x60, 0xfd, 0x60, 0xfd, 0x60, 0xfd, 0x60, 0xfd, 0x60, 0xfd, 0x60, 0xfd, 0x60, 0xfd, 0x60, 0xfd,
0x60, 0xfd, 0x60, 0xfd, 0x60, 0xfd, 0x60, 0xfd, 0x00, 0x00, 0x00, 0x00, 0x00, 0x00, 0x00, 0x00,
0x60, 0xfd, 0x60, 0xfd, 0x60, 0xfd, 0x60, 0xfd, 0x60, 0xfd, 0x60, 0xfd, 0x60, 0xfd, 0x60, 0xfd,
0x60, 0xfd, 0x60, 0xfd, 0x60, 0xfd, 0x60, 0xfd, 0x60, 0xfd, 0x60, 0xfd, 0x60, 0xfd, 0x60, 0xfd,
0x60, 0xfd, 0x60, 0xfd, 0x60, 0xfd, 0x60, 0xfd, 0x60, 0xfd, 0x60, 0xfd, 0x60, 0xfd, 0x60, 0xfd,
0x60, 0xfd, 0x60, 0xfd, 0x60, 0xfd, 0x60, 0xfd, 0x60, 0xfd, 0x60, 0xfd, 0xc0, 0xe4, 0x60, 0x10,
0x00, 0x00, 0x00, 0x00, 0x00, 0x00, 0x00, 0x00, 0x00, 0x00, 0x60, 0xfd, 0x60, 0xfd, 0x00, 0x00,
0x00, 0x00, 0x00, 0x00, 0x60, 0xfd, 0x60, 0xfd, 0x60, 0xfd, 0x00, 0x00, 0x00, 0x00, 0x00, 0x00,
0x00, 0x00, 0x00, 0x00, 0x80, 0x72, 0x60, 0xfd, 0x60, 0xfd, 0x60, 0xfd, 0x60, 0xfd, 0x60, 0xfd,
0x60, 0xfd, 0x60, 0xfd, 0x60, 0xfd, 0x60, 0xfd, 0x60, 0xfd, 0x60, 0xfd, 0x60, 0xfd, 0x60, 0xfd,
0x60, 0xfd, 0x60, 0xfd, 0x60, 0xfd, 0x60, 0xfd, 0x60, 0xfd, 0x60, 0xfd, 0x60, 0xfd, 0x60, 0xfd,
0x60, 0xfd, 0x60, 0xfd, 0x60, 0xfd, 0x60, 0xfd, 0x60, 0xfd, 0x60, 0xfd, 0x60, 0xfd, 0x60, 0xfd,
0x60, 0xfd, 0x00, 0x00, 0x00, 0x00, 0x00, 0x00, 0x00, 0x00, 0x60, 0xfd, 0x60, 0xfd, 0x60, 0xfd,
0x60, 0xfd, 0x60, 0xfd, 0x60, 0xfd, 0x60, 0xfd, 0x60, 0xfd, 0x60, 0xfd, 0x60, 0xfd, 0x60, 0xfd,
0x60, 0xfd, 0x60, 0xfd, 0x60, 0xfd, 0x60, 0xfd, 0x60, 0xfd, 0x60, 0xfd, 0x60, 0xfd, 0x60, 0xfd,
0x60, 0xfd, 0x60, 0xfd, 0x60, 0xfd, 0x60, 0xfd, 0x60, 0xfd, 0x60, 0xfd, 0x60, 0xfd, 0x60, 0xfd,
0x60, 0xfd, 0x60, 0xfd, 0x60, 0xfd, 0x60, 0xfd, 0xa0, 0xab, 0x00, 0x00, 0x00, 0x00, 0x00, 0x00,
0x00, 0x00, 0x00, 0x00, 0x60, 0xfd, 0x60, 0xfd, 0x00, 0x00, 0x00, 0x00, 0x00, 0x00, 0x60, 0xfd,
0x60, 0xfd, 0x60, 0xfd, 0x00, 0x00, 0x00, 0x00, 0x00, 0x00, 0x00, 0x00, 0xc0, 0x20, 0x40, 0xf5,
0x60, 0xfd, 0x60, 0xfd, 0x60, 0xfd, 0x60, 0xfd, 0x60, 0xfd, 0x60, 0xfd, 0x60, 0xfd, 0x60, 0xfd,
0x60, 0xfd, 0x60, 0xfd, 0x60, 0xfd, 0x60, 0xfd, 0x60, 0xfd, 0x60, 0xfd, 0x60, 0xfd, 0x60, 0xfd,
0x60, 0xfd, 0x60, 0xfd, 0x60, 0xfd, 0x60, 0xfd, 0x60, 0xfd, 0x60, 0xfd, 0x60, 0xfd, 0x60, 0xfd,
0x60, 0xfd, 0x60, 0xfd, 0x60, 0xfd, 0x60, 0xfd, 0x60, 0xfd, 0x60, 0xfd, 0x00, 0x00, 0x00, 0x00,
0x00, 0x00, 0x00, 0x00, 0x60, 0xfd, 0x60, 0xfd, 0x60, 0xfd, 0x60, 0xfd, 0x60, 0xfd, 0x60, 0xfd,
0x60, 0xfd, 0x60, 0xfd, 0x60, 0xfd, 0x60, 0xfd, 0x60, 0xfd, 0x60, 0xfd, 0x60, 0xfd, 0x60, 0xfd,
0x60, 0xfd, 0x60, 0xfd, 0x60, 0xfd, 0x60, 0xfd, 0x60, 0xfd, 0x60, 0xfd, 0x60, 0xfd, 0x60, 0xfd,
0x60, 0xfd, 0x60, 0xfd, 0x60, 0xfd, 0x60, 0xfd, 0x60, 0xfd, 0x60, 0xfd, 0x60, 0xfd, 0x60, 0xfd,
0x60, 0xfd, 0x60, 0xfd, 0xa0, 0x49, 0x00, 0x00, 0x00, 0x00, 0x00, 0x00, 0x00, 0x00, 0x00, 0x00,
0x60, 0xfd, 0x00, 0x00, 0x00, 0x00, 0x00, 0x00, 0x60, 0xfd, 0x60, 0xfd, 0x00, 0x00, 0x00, 0x00,
0x00, 0x00, 0x00, 0x00, 0x00, 0x00, 0xa0, 0xab, 0x60, 0xfd, 0x60, 0xfd, 0x60, 0xfd, 0x60, 0xfd,
0x60, 0xfd, 0x60, 0xfd, 0x60, 0xfd, 0x60, 0xfd, 0x60, 0xfd, 0x60, 0xfd, 0x60, 0xfd, 0x60, 0xfd,
0x60, 0xfd, 0x60, 0xfd, 0x60, 0xfd, 0x60, 0xfd, 0x60, 0xfd, 0x60, 0xfd, 0x60, 0xfd, 0x60, 0xfd,
0x60, 0xfd, 0x60, 0xfd, 0x60, 0xfd, 0x60, 0xfd, 0x60, 0xfd, 0x60, 0xfd, 0x60, 0xfd, 0x60, 0xfd,
0x60, 0xfd, 0x60, 0xfd, 0x60, 0xfd, 0x00, 0x00, 0x00, 0x00, 0x00, 0x00, 0x00, 0x00, 0x60, 0xfd,
0x60, 0xfd, 0x60, 0xfd, 0x60, 0xfd, 0x60, 0xfd, 0x60, 0xfd, 0x60, 0xfd, 0x60, 0xfd, 0x60, 0xfd,
0x60, 0xfd, 0x60, 0xfd, 0x60, 0xfd, 0x60, 0xfd, 0x60, 0xfd, 0x60, 0xfd, 0x60, 0xfd, 0x60, 0xfd,
0x60, 0xfd, 0x60, 0xfd, 0x60, 0xfd, 0x60, 0xfd, 0x60, 0xfd, 0x60, 0xfd, 0x60, 0xfd, 0x60, 0xfd,
0x60, 0xfd, 0x60, 0xfd, 0x60, 0xfd, 0x60, 0xfd, 0x60, 0xfd, 0x60, 0xfd, 0x60, 0xfd, 0xa0, 0xd4,
0x20, 0x00, 0x00, 0x00, 0x00, 0x00, 0x00, 0x00, 0x00, 0x00, 0x60, 0xfd, 0x00, 0x00, 0x00, 0x00,
0x00, 0x00, 0x60, 0xfd, 0x60, 0xfd, 0x00, 0x00, 0x00, 0x00, 0x00, 0x00, 0x00, 0x00, 0x40, 0x39,
0x60, 0xfd, 0x60, 0xfd, 0x60, 0xfd, 0x60, 0xfd, 0x60, 0xfd, 0x60, 0xfd, 0x60, 0xfd, 0x60, 0xfd,
0x60, 0xfd, 0x60, 0xfd, 0x60, 0xfd, 0x60, 0xfd, 0x60, 0xfd, 0x60, 0xfd, 0x60, 0xfd, 0x60, 0xfd,
0x60, 0xfd, 0x60, 0xfd, 0x60, 0xfd, 0x60, 0xfd, 0x60, 0xfd, 0x60, 0xfd, 0x60, 0xfd, 0x60, 0xfd,
0x60, 0xfd, 0x60, 0xfd, 0x60, 0xfd, 0x60, 0xfd, 0x60, 0xfd, 0x60, 0xfd, 0x60, 0xfd, 0x60, 0xfd,
0x00, 0x00, 0x00, 0x00, 0x00, 0x00, 0x00, 0x00, 0x60, 0xfd, 0x60, 0xfd, 0x60, 0xfd, 0x60, 0xfd,
0x60, 0xfd, 0x60, 0xfd, 0x60, 0xfd, 0x60, 0xfd, 0x60, 0xfd, 0x60, 0xfd, 0x60, 0xfd, 0x60, 0xfd,
0x60, 0xfd, 0x60, 0xfd, 0x60, 0xfd, 0x60, 0xfd, 0x60, 0xfd, 0x60, 0xfd, 0x60, 0xfd, 0x60, 0xfd,
0x60, 0xfd, 0x60, 0xfd, 0x60, 0xfd, 0x60, 0xfd, 0x60, 0xfd, 0x60, 0xfd, 0x60, 0xfd, 0x60, 0xfd,
0x60, 0xfd, 0x60, 0xfd, 0x60, 0xfd, 0x60, 0xfd, 0x60, 0xfd, 0x60, 0x6a, 0x00, 0x00, 0x00, 0x00,
0x00, 0x00, 0x00, 0x00, 0x00, 0x00, 0x00, 0x00, 0x00, 0x00, 0x00, 0x00, 0x60, 0xfd, 0x00, 0x00,
0x00, 0x00, 0x00, 0x00, 0x00, 0x00, 0x00, 0x00, 0xc0, 0xb3, 0x60, 0xfd, 0x60, 0xfd, 0x60, 0xfd,
0x60, 0xfd, 0x60, 0xfd, 0x60, 0xfd, 0x60, 0xfd, 0x60, 0xfd, 0x60, 0xfd, 0x60, 0xfd, 0x60, 0xfd,
0x60, 0xfd, 0x60, 0xfd, 0x60, 0xfd, 0x60, 0xfd, 0x60, 0xfd, 0x60, 0xfd, 0x60, 0xfd, 0x60, 0xfd,
0x60, 0xfd, 0x60, 0xfd, 0x60, 0xfd, 0x60, 0xfd, 0x60, 0xfd, 0x60, 0xfd, 0x60, 0xfd, 0x60, 0xfd,
0x60, 0xfd, 0x60, 0xfd, 0x60, 0xfd, 0x60, 0xfd, 0x60, 0xfd, 0x00, 0x00, 0x00, 0x00, 0x00, 0x00,
0x00, 0x00, 0x60, 0xfd, 0x60, 0xfd, 0x60, 0xfd, 0x60, 0xfd, 0x60, 0xfd, 0x60, 0xfd, 0x60, 0xfd,
0x60, 0xfd, 0x60, 0xfd, 0x60, 0xfd, 0x60, 0xfd, 0x60, 0xfd, 0x60, 0xfd, 0x60, 0xfd, 0x60, 0xfd,
0x60, 0xfd, 0x60, 0xfd, 0x60, 0xfd, 0x60, 0xfd, 0x60, 0xfd, 0x60, 0xfd, 0x60, 0xfd, 0x60, 0xfd,
0x60, 0xfd, 0x60, 0xfd, 0x60, 0xfd, 0x60, 0xfd, 0x60, 0xfd, 0x60, 0xfd, 0x60, 0xfd, 0x60, 0xfd,
0x60, 0xfd, 0x60, 0xfd, 0xc0, 0xdc, 0x00, 0x00, 0x00, 0x00, 0x00, 0x00, 0x00, 0x00, 0x00, 0x00,
0x00, 0x00, 0x00, 0x00, 0x00, 0x00, 0x60, 0xfd, 0x00, 0x00, 0x00, 0x00, 0x00, 0x00, 0x00, 0x00,
0xc0, 0x20, 0x60, 0xf5, 0x60, 0xfd, 0x60, 0xfd, 0x60, 0xfd, 0x60, 0xfd, 0x60, 0xfd, 0x60, 0xfd,
0x60, 0xfd, 0x60, 0xfd, 0x60, 0xfd, 0x60, 0xfd, 0x60, 0xfd, 0x60, 0xfd, 0x60, 0xfd, 0x60, 0xfd,
0x60, 0xfd, 0x60, 0xfd, 0x60, 0xfd, 0x60, 0xfd, 0x60, 0xfd, 0x60, 0xfd, 0x60, 0xfd, 0x60, 0xfd,
0x60, 0xfd, 0x60, 0xfd, 0x60, 0xfd, 0x60, 0xfd, 0x60, 0xfd, 0x60, 0xfd, 0x60, 0xfd, 0x60, 0xfd,
0x60, 0xfd, 0x60, 0xfd, 0x00, 0x00, 0x00, 0x00, 0x00, 0x00, 0x00, 0x00, 0x60, 0xfd, 0x60, 0xfd,
0x60, 0xfd, 0x60, 0xfd, 0x60, 0xfd, 0x60, 0xfd, 0x60, 0xfd, 0x60, 0xfd, 0x60, 0xfd, 0x60, 0xfd,
0x60, 0xfd, 0x60, 0xfd, 0x60, 0xfd, 0x60, 0xfd, 0x60, 0xfd, 0x60, 0xfd, 0x60, 0xfd, 0x60, 0xfd,
0x60, 0xfd, 0x60, 0xfd, 0x60, 0xfd, 0x60, 0xfd, 0x60, 0xfd, 0x60, 0xfd, 0x60, 0xfd, 0x60, 0xfd,
0x60, 0xfd, 0x60, 0xfd, 0x60, 0xfd, 0x60, 0xfd, 0x60, 0xfd, 0x60, 0xfd, 0x60, 0xfd, 0x60, 0xfd,
0xe0, 0x51, 0x00, 0x00, 0x00, 0x00, 0x00, 0x00, 0x00, 0x00, 0x00, 0x00, 0x00, 0x00, 0x00, 0x00,
0x60, 0xfd, 0x00, 0x00, 0x00, 0x00, 0x00, 0x00, 0x00, 0x00, 0x00, 0x8b, 0x60, 0xfd, 0x60, 0xfd,
0x60, 0xfd, 0x60, 0xfd, 0x60, 0xfd, 0x60, 0xfd, 0x60, 0xfd, 0x60, 0xfd, 0x60, 0xfd, 0x60, 0xfd,
0x60, 0xfd, 0x60, 0xfd, 0x60, 0xfd, 0x60, 0xfd, 0x60, 0xfd, 0x60, 0xfd, 0x60, 0xfd, 0x60, 0xfd,
0x60, 0xfd, 0x60, 0xfd, 0x60, 0xfd, 0x60, 0xfd, 0x60, 0xfd, 0x60, 0xfd, 0x60, 0xfd, 0x60, 0xfd,
0x60, 0xfd, 0x60, 0xfd, 0x60, 0xfd, 0x60, 0xfd, 0x60, 0xfd, 0x60, 0xfd, 0x60, 0xfd, 0x00, 0x00,
0x00, 0x00, 0x00, 0x00, 0x00, 0x00, 0x60, 0xfd, 0x60, 0xfd, 0x60, 0xfd, 0x60, 0xfd, 0x60, 0xfd,
0x60, 0xfd, 0x60, 0xfd, 0x60, 0xfd, 0x60, 0xfd, 0x60, 0xfd, 0x60, 0xfd, 0x60, 0xfd, 0x60, 0xfd,
0x60, 0xfd, 0x60, 0xfd, 0x60, 0xfd, 0x60, 0xfd, 0x60, 0xfd, 0x60, 0xfd, 0x60, 0xfd, 0x60, 0xfd,
0x60, 0xfd, 0x60, 0xfd, 0x60, 0xfd, 0x60, 0xfd, 0x60, 0xfd, 0x60, 0xfd, 0x60, 0xfd, 0x60, 0xfd,
0x60, 0xfd, 0x60, 0xfd, 0x60, 0xfd, 0x60, 0xfd, 0x60, 0xfd, 0x20, 0xbc, 0x00, 0x00, 0x00, 0x00,
0x00, 0x00, 0x00, 0x00, 0x00, 0x00, 0x00, 0x00, 0x00, 0x00, 0x00, 0x00, 0x00, 0x00, 0x00, 0x00,
0x00, 0x00, 0x00, 0x00, 0xc0, 0xe4, 0x60, 0xfd, 0x60, 0xfd, 0x60, 0xfd, 0x60, 0xfd, 0x60, 0xfd,
0x60, 0xfd, 0x60, 0xfd, 0x60, 0xfd, 0x60, 0xfd, 0x60, 0xfd, 0x60, 0xfd, 0x60, 0xfd, 0x60, 0xfd,
0x60, 0xfd, 0x60, 0xfd, 0x60, 0xfd, 0x60, 0xfd, 0x60, 0xfd, 0x60, 0xfd, 0x60, 0xfd, 0x60, 0xfd,
0x60, 0xfd, 0x60, 0xfd, 0x60, 0xfd, 0x60, 0xfd, 0x60, 0xfd, 0x60, 0xfd, 0x60, 0xfd, 0x60, 0xfd,
0x60, 0xfd, 0x60, 0xfd, 0x60, 0xfd, 0x60, 0xfd, 0x00, 0x00, 0x00, 0x00, 0x00, 0x00, 0x00, 0x00,
0x60, 0xfd, 0x60, 0xfd, 0x60, 0xfd, 0x60, 0xfd, 0x60, 0xfd, 0x60, 0xfd, 0x60, 0xfd, 0x60, 0xfd,
0x60, 0xfd, 0x60, 0xfd, 0x60, 0xfd, 0x60, 0xfd, 0x60, 0xfd, 0x60, 0xfd, 0x60, 0xfd, 0x60, 0xfd,
0x60, 0xfd, 0x60, 0xfd, 0x60, 0xfd, 0x60, 0xfd, 0x60, 0xfd, 0x60, 0xfd, 0x60, 0xfd, 0x60, 0xfd,
0x60, 0xfd, 0x60, 0xfd, 0x60, 0xfd, 0x60, 0xfd, 0x60, 0xfd, 0x60, 0xfd, 0x60, 0xfd, 0x60, 0xfd,
0x60, 0xfd, 0x60, 0xfd, 0x60, 0xfd, 0xa0, 0x18, 0x00, 0x00, 0x00, 0x00, 0x00, 0x00, 0x00, 0x00,
0x00, 0x00, 0x00, 0x00, 0x00, 0x00, 0x00, 0x00, 0x00, 0x00, 0x00, 0x00, 0x00, 0x31, 0x60, 0xfd,
0x60, 0xfd, 0x60, 0xfd, 0x60, 0xfd, 0x60, 0xfd, 0x60, 0xfd, 0x60, 0xfd, 0x60, 0xfd, 0x60, 0xfd,
0x60, 0xfd, 0x60, 0xfd, 0x60, 0xfd, 0x60, 0xfd, 0x60, 0xfd, 0x60, 0xfd, 0x60, 0xfd, 0x60, 0xfd,
0x60, 0xfd, 0x60, 0xfd, 0x60, 0xfd, 0x60, 0xfd, 0x60, 0xfd, 0x60, 0xfd, 0x60, 0xfd, 0x60, 0xfd,
0x60, 0xfd, 0x60, 0xfd, 0x60, 0xfd, 0x60, 0xfd, 0x60, 0xfd, 0x60, 0xfd, 0x60, 0xfd, 0x60, 0xfd,
0x60, 0xfd, 0x00, 0x00, 0x00, 0x00, 0x00, 0x00, 0x00, 0x00, 0x60, 0xfd, 0x60, 0xfd, 0x60, 0xfd,
0x60, 0xfd, 0x60, 0xfd, 0x60, 0xfd, 0x60, 0xfd, 0x60, 0xfd, 0x60, 0xfd, 0x60, 0xfd, 0x60, 0xfd,
0x60, 0xfd, 0x60, 0xfd, 0x60, 0xfd, 0x60, 0xfd, 0x60, 0xfd, 0x60, 0xfd, 0x60, 0xfd, 0x60, 0xfd,
0x60, 0xfd, 0x60, 0xfd, 0x60, 0xfd, 0x60, 0xfd, 0x60, 0xfd, 0x60, 0xfd, 0x60, 0xfd, 0x60, 0xfd,
0x60, 0xfd, 0x60, 0xfd, 0x60, 0xfd, 0x60, 0xfd, 0x60, 0xfd, 0x60, 0xfd, 0x60, 0xfd, 0x60, 0xfd,
0x20, 0x62, 0x00, 0x00, 0x00, 0x00, 0x00, 0x00, 0x00, 0x00, 0x00, 0x00, 0x00, 0x00, 0x00, 0x00,
0x00, 0x00, 0x00, 0x00, 0x00, 0x00, 0xa0, 0x7a, 0x60, 0xfd, 0x60, 0xfd, 0x60, 0xfd, 0x60, 0xfd,
0x60, 0xfd, 0x60, 0xfd, 0x60, 0xfd, 0x60, 0xfd, 0x60, 0xfd, 0x60, 0xfd, 0x60, 0xfd, 0x60, 0xfd,
0x60, 0xfd, 0x60, 0xfd, 0x60, 0xfd, 0x60, 0xfd, 0x60, 0xfd, 0x60, 0xfd, 0x60, 0xfd, 0x60, 0xfd,
0x60, 0xfd, 0x60, 0xfd, 0x60, 0xfd, 0x60, 0xfd, 0x60, 0xfd, 0x60, 0xfd, 0x60, 0xfd, 0x60, 0xfd,
0x60, 0xfd, 0x60, 0xfd, 0x60, 0xfd, 0x60, 0xfd, 0x60, 0xfd, 0x60, 0xfd, 0x00, 0x00, 0x00, 0x00,
0x00, 0x00, 0x00, 0x00, 0x60, 0xfd, 0x60, 0xfd, 0x60, 0xfd, 0x60, 0xfd, 0x60, 0xfd, 0x60, 0xfd,
0x60, 0xfd, 0x60, 0xfd, 0x60, 0xfd, 0x60, 0xfd, 0x60, 0xfd, 0x60, 0xfd, 0x60, 0xfd, 0x60, 0xfd,
0x60, 0xfd, 0x60, 0xfd, 0x60, 0xfd, 0x60, 0xfd, 0x60, 0xfd, 0x60, 0xfd, 0x60, 0xfd, 0x60, 0xfd,
0x60, 0xfd, 0x60, 0xfd, 0x60, 0xfd, 0x60, 0xfd, 0x60, 0xfd, 0x60, 0xfd, 0x60, 0xfd, 0x60, 0xfd,
0x60, 0xfd, 0x60, 0xfd, 0x60, 0xfd, 0x60, 0xfd, 0x60, 0xfd, 0xc0, 0xb3, 0x00, 0x00, 0x00, 0x00,
0x00, 0x00, 0x00, 0x00, 0x00, 0x00, 0x00, 0x00, 0x00, 0x00, 0x00, 0x00, 0x00, 0x00, 0x00, 0x00,
0x00, 0xbc, 0x60, 0xfd, 0x60, 0xfd, 0x60, 0xfd, 0x60, 0xfd, 0x60, 0xfd, 0x60, 0xfd, 0x60, 0xfd,
0x60, 0xfd, 0x60, 0xfd, 0x60, 0xfd, 0x60, 0xfd, 0x60, 0xfd, 0x60, 0xfd, 0x60, 0xfd, 0x60, 0xfd,
0x60, 0xfd, 0x60, 0xfd, 0x60, 0xfd, 0x60, 0xfd, 0x60, 0xfd, 0x60, 0xfd, 0x60, 0xfd, 0x60, 0xfd,
0x60, 0xfd, 0x60, 0xfd, 0x60, 0xfd, 0x60, 0xfd, 0x60, 0xfd, 0x60, 0xfd, 0x60, 0xfd, 0x60, 0xfd,
0x60, 0xfd, 0x60, 0xfd, 0x60, 0xfd, 0x00, 0x00, 0x00, 0x00, 0x00, 0x00, 0x00, 0x00, 0x60, 0xfd,
0x60, 0xfd, 0x60, 0xfd, 0x60, 0xfd, 0x60, 0xfd, 0x60, 0xfd, 0x60, 0xfd, 0x60, 0xfd, 0x60, 0xfd,
0x60, 0xfd, 0x60, 0xfd, 0x60, 0xfd, 0x60, 0xfd, 0x60, 0xfd, 0x60, 0xfd, 0x60, 0xfd, 0x60, 0xfd,
0x60, 0xfd, 0x60, 0xfd, 0x60, 0xfd, 0x60, 0xfd, 0x60, 0xfd, 0x60, 0xfd, 0x60, 0xfd, 0x60, 0xfd,
0x60, 0xfd, 0x60, 0xfd, 0x60, 0xfd, 0x60, 0xfd, 0x60, 0xfd, 0x60, 0xfd, 0x60, 0xfd, 0x60, 0xfd,
0x60, 0xfd, 0x60, 0xfd, 0x20, 0xed, 0x00, 0x00, 0x00, 0x00, 0x00, 0x00, 0x00, 0x00, 0x00, 0x00,
0x00, 0x00, 0x00, 0x00, 0x00, 0x00, 0x00, 0x00, 0x00, 0x00, 0x20, 0xed, 0x60, 0xfd, 0x60, 0xfd,
0x60, 0xfd, 0x60, 0xfd, 0x60, 0xfd, 0x60, 0xfd, 0x60, 0xfd, 0x60, 0xfd, 0x60, 0xfd, 0x60, 0xfd,
0x60, 0xfd, 0x60, 0xfd, 0x60, 0xfd, 0x60, 0xfd, 0x60, 0xfd, 0x60, 0xfd, 0x60, 0xfd, 0x60, 0xfd,
0x60, 0xfd, 0x60, 0xfd, 0x60, 0xfd, 0x60, 0xfd, 0x60, 0xfd, 0x60, 0xfd, 0x60, 0xfd, 0x60, 0xfd,
0x60, 0xfd, 0x60, 0xfd, 0x60, 0xfd, 0x60, 0xfd, 0x60, 0xfd, 0x60, 0xfd, 0x60, 0xfd, 0x60, 0xfd,
0x00, 0x00, 0x00, 0x00, 0x00, 0x00, 0x00, 0x00, 0x60, 0xfd, 0x60, 0xfd, 0x60, 0xfd, 0x60, 0xfd,
0x60, 0xfd, 0x60, 0xfd, 0x60, 0xfd, 0x60, 0xfd, 0x60, 0xfd, 0x60, 0xfd, 0x60, 0xfd, 0x60, 0xfd,
0x60, 0xfd, 0x60, 0xfd, 0x60, 0xfd, 0x60, 0xfd, 0x60, 0xfd, 0x60, 0xfd, 0x60, 0xfd, 0x60, 0xfd,
0x60, 0xfd, 0x60, 0xfd, 0x60, 0xfd, 0x60, 0xfd, 0x60, 0xfd, 0x60, 0xfd, 0x60, 0xfd, 0x60, 0xfd,
0x60, 0xfd, 0x60, 0xfd, 0x60, 0xfd, 0x60, 0xfd, 0x60, 0xfd, 0x60, 0xfd, 0x60, 0xfd, 0x60, 0xfd,
0xc0, 0x20, 0x00, 0x00, 0x00, 0x00, 0x00, 0x00, 0x00, 0x00, 0x00, 0x00, 0x00, 0x00, 0x00, 0x00,
0x00, 0x00, 0xa0, 0x18, 0x60, 0xfd, 0x60, 0xfd, 0x60, 0xfd, 0x60, 0xfd, 0x60, 0xfd, 0x60, 0xfd,
0x60, 0xfd, 0x60, 0xfd, 0x60, 0xfd, 0x60, 0xfd, 0x60, 0xfd, 0x60, 0xfd, 0x60, 0xfd, 0x60, 0xfd,
0x60, 0xfd, 0x60, 0xfd, 0x60, 0xfd, 0x60, 0xfd, 0x60, 0xfd, 0x60, 0xfd, 0x60, 0xfd, 0x60, 0xfd,
0x60, 0xfd, 0x60, 0xfd, 0x60, 0xfd, 0x60, 0xfd, 0x60, 0xfd, 0x60, 0xfd, 0x60, 0xfd, 0x60, 0xfd,
0x60, 0xfd, 0x60, 0xfd, 0x60, 0xfd, 0x60, 0xfd, 0x60, 0xfd, 0x00, 0x00, 0x00, 0x00, 0x00, 0x00,
0x00, 0x00, 0x60, 0xfd, 0x60, 0xfd, 0x60, 0xfd, 0x60, 0xfd, 0x60, 0xfd, 0x60, 0xfd, 0x60, 0xfd,
0x60, 0xfd, 0x60, 0xfd, 0x60, 0xfd, 0x60, 0xfd, 0x60, 0xfd, 0x60, 0xfd, 0x60, 0xfd, 0x60, 0xfd,
0x60, 0xfd, 0x60, 0xfd, 0x60, 0xfd, 0x60, 0xfd, 0x60, 0xfd, 0x60, 0xfd, 0x60, 0xfd, 0x60, 0xfd,
0x60, 0xfd, 0x60, 0xfd, 0x60, 0xfd, 0x60, 0xfd, 0x60, 0xfd, 0x60, 0xfd, 0x60, 0xfd, 0x60, 0xfd,
0x60, 0xfd, 0x60, 0xfd, 0x60, 0xfd, 0x60, 0xfd, 0x60, 0xfd, 0xa0, 0x49, 0x00, 0x00, 0x00, 0x00,
0x00, 0x00, 0x00, 0x00, 0x00, 0x00, 0x00, 0x00, 0x00, 0x00, 0x00, 0x00, 0x40, 0x39, 0x60, 0xfd,
0x60, 0xfd, 0x60, 0xfd, 0x60, 0xfd, 0x60, 0xfd, 0x60, 0xfd, 0x60, 0xfd, 0x60, 0xfd, 0x60, 0xfd,
0x60, 0xfd, 0x60, 0xfd, 0x60, 0xfd, 0x60, 0xfd, 0x60, 0xfd, 0x60, 0xfd, 0x60, 0xfd, 0x60, 0xfd,
0x60, 0xfd, 0x60, 0xfd, 0x60, 0xfd, 0x60, 0xfd, 0x60, 0xfd, 0x60, 0xfd, 0x60, 0xfd, 0x60, 0xfd,
0x60, 0xfd, 0x60, 0xfd, 0x60, 0xfd, 0x60, 0xfd, 0x60, 0xfd, 0x60, 0xfd, 0x60, 0xfd, 0x60, 0xfd,
0x60, 0xfd, 0x60, 0xfd, 0x00, 0x00, 0x00, 0x00, 0x00, 0x00, 0x00, 0x00, 0x60, 0xfd, 0x60, 0xfd,
0x60, 0xfd, 0x60, 0xfd, 0x60, 0xfd, 0x60, 0xfd, 0x60, 0xfd, 0x60, 0xfd, 0x60, 0xfd, 0x60, 0xfd,
0x60, 0xfd, 0x60, 0xfd, 0x60, 0xfd, 0x60, 0xfd, 0x60, 0xfd, 0x60, 0xfd, 0x60, 0xfd, 0x60, 0xfd,
0x60, 0xfd, 0x60, 0xfd, 0x60, 0xfd, 0x60, 0xfd, 0x60, 0xfd, 0x60, 0xfd, 0x60, 0xfd, 0x60, 0xfd,
0x60, 0xfd, 0x60, 0xfd, 0x60, 0xfd, 0x60, 0xfd, 0x60, 0xfd, 0x60, 0xfd, 0x60, 0xfd, 0x60, 0xfd,
0x60, 0xfd, 0x60, 0xfd, 0x60, 0x6a, 0x00, 0x00, 0x00, 0x00, 0x00, 0x00, 0x00, 0x00, 0x00, 0x00,
0x00, 0x00, 0x00, 0x00, 0x00, 0x00, 0xa0, 0x49, 0x60, 0xfd, 0x60, 0xfd, 0x60, 0xfd, 0x60, 0xfd,
0x60, 0xfd, 0x60, 0xfd, 0x60, 0xfd, 0x60, 0xfd, 0x60, 0xfd, 0x60, 0xfd, 0x60, 0xfd, 0x60, 0xfd,
0x60, 0xfd, 0x60, 0xfd, 0x60, 0xfd, 0x60, 0xfd, 0x60, 0xfd, 0x60, 0xfd, 0x60, 0xfd, 0x60, 0xfd,
0x60, 0xfd, 0x60, 0xfd, 0x60, 0xfd, 0x60, 0xfd, 0x60, 0xfd, 0x60, 0xfd, 0x60, 0xfd, 0x60, 0xfd,
0x60, 0xfd, 0x60, 0xfd, 0x60, 0xfd, 0x60, 0xfd, 0x60, 0xfd, 0x60, 0xfd, 0x60, 0xfd, 0x00, 0x00,
0x00, 0x00, 0x00, 0x00, 0x00, 0x00, 0x60, 0xfd, 0x60, 0xfd, 0x60, 0xfd, 0x60, 0xfd, 0x60, 0xfd,
0x60, 0xfd, 0x60, 0xfd, 0x60, 0xfd, 0x60, 0xfd, 0x60, 0xfd, 0x60, 0xfd, 0x60, 0xfd, 0x60, 0xfd,
0x60, 0xfd, 0x60, 0xfd, 0x60, 0xfd, 0x60, 0xfd, 0x60, 0xfd, 0x60, 0xfd, 0x60, 0xfd, 0x60, 0xfd,
0x60, 0xfd, 0x60, 0xfd, 0x60, 0xfd, 0x60, 0xfd, 0x60, 0xfd, 0x60, 0xfd, 0x60, 0xfd, 0x60, 0xfd,
0x60, 0xfd, 0x60, 0xfd, 0x60, 0xfd, 0x60, 0xfd, 0x60, 0xfd, 0x60, 0xfd, 0x60, 0xfd, 0xc0, 0x82,
0x00, 0x00, 0x00, 0x00, 0x00, 0x00, 0x00, 0x00, 0x00, 0x00, 0x00, 0x00, 0x00, 0x00, 0x00, 0x00,
0xe0, 0x59, 0x60, 0xfd, 0x60, 0xfd, 0x60, 0xfd, 0x60, 0xfd, 0x60, 0xfd, 0x60, 0xfd, 0x60, 0xfd,
0x60, 0xfd, 0x60, 0xfd, 0x60, 0xfd, 0x60, 0xfd, 0x60, 0xfd, 0x60, 0xfd, 0x60, 0xfd, 0x60, 0xfd,
0x60, 0xfd, 0x60, 0xfd, 0x60, 0xfd, 0x60, 0xfd, 0x60, 0xfd, 0x60, 0xfd, 0x60, 0xfd, 0x60, 0xfd,
0x60, 0xfd, 0x60, 0xfd, 0x60, 0xfd, 0x60, 0xfd, 0x60, 0xfd, 0x60, 0xfd, 0x60, 0xfd, 0x60, 0xfd,
0x60, 0xfd, 0x60, 0xfd, 0x60, 0xfd, 0x60, 0xfd, 0x00, 0x00, 0x00, 0x00, 0x00, 0x00, 0x00, 0x00,
0x60, 0xfd, 0x60, 0xfd, 0x60, 0xfd, 0x60, 0xfd, 0x60, 0xfd, 0x60, 0xfd, 0x60, 0xfd, 0x60, 0xfd,
0x60, 0xfd, 0x60, 0xfd, 0x60, 0xfd, 0x60, 0xfd, 0x60, 0xfd, 0x60, 0xfd, 0x60, 0xfd, 0x60, 0xfd,
0x60, 0xfd, 0x60, 0xfd, 0x60, 0xfd, 0x60, 0xfd, 0x60, 0xfd, 0x60, 0xfd, 0x60, 0xfd, 0x60, 0xfd,
0x60, 0xfd, 0x60, 0xfd, 0x60, 0xfd, 0x60, 0xfd, 0x60, 0xfd, 0x60, 0xfd, 0x60, 0xfd, 0x60, 0xfd,
0x60, 0xfd, 0x60, 0xfd, 0x60, 0xfd, 0x60, 0xfd, 0x20, 0x93, 0x00, 0x00, 0x00, 0x00, 0x00, 0x00,
0x00, 0x00, 0x00, 0x00, 0x00, 0x00, 0x00, 0x00, 0x00, 0x00, 0x20, 0x62, 0x60, 0xfd, 0x60, 0xfd,
0x60, 0xfd, 0x60, 0xfd, 0x60, 0xfd, 0x60, 0xfd, 0x60, 0xfd, 0x60, 0xfd, 0x60, 0xfd, 0x60, 0xfd,
0x60, 0xfd, 0x60, 0xfd, 0x60, 0xfd, 0x60, 0xfd, 0x60, 0xfd, 0x60, 0xfd, 0x60, 0xfd, 0x60, 0xfd,
0x60, 0xfd, 0x60, 0xfd, 0x60, 0xfd, 0x60, 0xfd, 0x60, 0xfd, 0x60, 0xfd, 0x60, 0xfd, 0x60, 0xfd,
0x60, 0xfd, 0x60, 0xfd, 0x60, 0xfd, 0x60, 0xfd, 0x60, 0xfd, 0x60, 0xfd, 0x60, 0xfd, 0x60, 0xfd,
0x60, 0xfd, 0x00, 0x00, 0x00, 0x00, 0x00, 0x00, 0x00, 0x00, 0x60, 0xfd, 0x60, 0xfd, 0x60, 0xfd,
0x60, 0xfd, 0x60, 0xfd, 0x60, 0xfd, 0x60, 0xfd, 0x60, 0xfd, 0x60, 0xfd, 0x60, 0xfd, 0x60, 0xfd,
0x60, 0xfd, 0x60, 0xfd, 0x60, 0xfd, 0x60, 0xfd, 0x60, 0xfd, 0x60, 0xfd, 0x60, 0xfd, 0x60, 0xfd,
0x60, 0xfd, 0x60, 0xfd, 0x60, 0xfd, 0x60, 0xfd, 0x60, 0xfd, 0x60, 0xfd, 0x60, 0xfd, 0x60, 0xfd,
0x60, 0xfd, 0x60, 0xfd, 0x60, 0xfd, 0x60, 0xfd, 0x60, 0xfd, 0x60, 0xfd, 0x60, 0xfd, 0x60, 0xfd,
0x60, 0xfd, 0x40, 0x93, 0x00, 0x00, 0x00, 0x00, 0x00, 0x00, 0x00, 0x00, 0x00, 0x00, 0x00, 0x00,
0x00, 0x00, 0x00, 0x00, 0xe0, 0x59, 0x60, 0xfd, 0x60, 0xfd, 0x60, 0xfd, 0x60, 0xfd, 0x60, 0xfd,
0x60, 0xfd, 0x60, 0xfd, 0x60, 0xfd, 0x60, 0xfd, 0x60, 0xfd, 0x60, 0xfd, 0x60, 0xfd, 0x60, 0xfd,
0x60, 0xfd, 0x60, 0xfd, 0x60, 0xfd, 0x60, 0xfd, 0x60, 0xfd, 0x60, 0xfd, 0x60, 0xfd, 0x60, 0xfd,
0x60, 0xfd, 0x60, 0xfd, 0x60, 0xfd, 0x60, 0xfd, 0x60, 0xfd, 0x60, 0xfd, 0x60, 0xfd, 0x60, 0xfd,
0x60, 0xfd, 0x60, 0xfd, 0x60, 0xfd, 0x60, 0xfd, 0x60, 0xfd, 0x60, 0xfd, 0x00, 0x00, 0x00, 0x00,
0x00, 0x00, 0x00, 0x00, 0x60, 0xfd, 0x60, 0xfd, 0x60, 0xfd, 0x60, 0xfd, 0x60, 0xfd, 0x60, 0xfd,
0x60, 0xfd, 0x60, 0xfd, 0x60, 0xfd, 0x60, 0xfd, 0x60, 0xfd, 0x60, 0xfd, 0x60, 0xfd, 0x60, 0xfd,
0x60, 0xfd, 0x60, 0xfd, 0x60, 0xfd, 0x60, 0xfd, 0x60, 0xfd, 0x60, 0xfd, 0x60, 0xfd, 0x60, 0xfd,
0x60, 0xfd, 0x60, 0xfd, 0x60, 0xfd, 0x60, 0xfd, 0x60, 0xfd, 0x60, 0xfd, 0x60, 0xfd, 0x60, 0xfd,
0x60, 0xfd, 0x60, 0xfd, 0x60, 0xfd, 0x60, 0xfd, 0x60, 0xfd, 0x60, 0xfd, 0x20, 0x93, 0x00, 0x00,
0x00, 0x00, 0x00, 0x00, 0x00, 0x00, 0x00, 0x00, 0x00, 0x00, 0x00, 0x00, 0x00, 0x00, 0xa0, 0x49,
0x60, 0xfd, 0x60, 0xfd, 0x60, 0xfd, 0x60, 0xfd, 0x60, 0xfd, 0x60, 0xfd, 0x60, 0xfd, 0x60, 0xfd,
0x60, 0xfd, 0x60, 0xfd, 0x60, 0xfd, 0x60, 0xfd, 0x60, 0xfd, 0x60, 0xfd, 0x60, 0xfd, 0x60, 0xfd,
0x60, 0xfd, 0x60, 0xfd, 0x60, 0xfd, 0x60, 0xfd, 0x60, 0xfd, 0x60, 0xfd, 0x60, 0xfd, 0x60, 0xfd,
0x60, 0xfd, 0x60, 0xfd, 0x60, 0xfd, 0x60, 0xfd, 0x60, 0xfd, 0x60, 0xfd, 0x60, 0xfd, 0x60, 0xfd,
0x60, 0xfd, 0x60, 0xfd, 0x60, 0xfd, 0x00, 0x00, 0x00, 0x00, 0x00, 0x00, 0x00, 0x00, 0x60, 0xfd,
0x60, 0xfd, 0x60, 0xfd, 0x60, 0xfd, 0x60, 0xfd, 0x60, 0xfd, 0x60, 0xfd, 0x60, 0xfd, 0x60, 0xfd,
0x60, 0xfd, 0x60, 0xfd, 0x60, 0xfd, 0x60, 0xfd, 0x60, 0xfd, 0x60, 0xfd, 0x60, 0xfd, 0x60, 0xfd,
0x60, 0xfd, 0x60, 0xfd, 0x60, 0xfd, 0x60, 0xfd, 0x60, 0xfd, 0x60, 0xfd, 0x60, 0xfd, 0x60, 0xfd,
0x60, 0xfd, 0x60, 0xfd, 0x60, 0xfd, 0x60, 0xfd, 0x60, 0xfd, 0x60, 0xfd, 0x60, 0xfd, 0x60, 0xfd,
0x60, 0xfd, 0x60, 0xfd, 0x60, 0xfd, 0xc0, 0x82, 0x00, 0x00, 0x00, 0x00, 0x00, 0x00, 0x00, 0x00,
0x00, 0x00, 0x00, 0x00, 0x00, 0x00, 0x00, 0x00, 0x20, 0x39, 0x60, 0xfd, 0x60, 0xfd, 0x60, 0xfd,
0x60, 0xfd, 0x60, 0xfd, 0x60, 0xfd, 0x60, 0xfd, 0x60, 0xfd, 0x60, 0xfd, 0x60, 0xfd, 0x60, 0xfd,
0x60, 0xfd, 0x60, 0xfd, 0x60, 0xfd, 0x60, 0xfd, 0x60, 0xfd, 0x60, 0xfd, 0x60, 0xfd, 0x60, 0xfd,
0x60, 0xfd, 0x60, 0xfd, 0x60, 0xfd, 0x60, 0xfd, 0x60, 0xfd, 0x60, 0xfd, 0x60, 0xfd, 0x60, 0xfd,
0x60, 0xfd, 0x60, 0xfd, 0x60, 0xfd, 0x60, 0xfd, 0x60, 0xfd, 0x60, 0xfd, 0x60, 0xfd, 0x60, 0xfd,
0x00, 0x00, 0x00, 0x00, 0x00, 0x00, 0x00, 0x00, 0x60, 0xfd, 0x60, 0xfd, 0x60, 0xfd, 0x60, 0xfd,
0x60, 0xfd, 0x60, 0xfd, 0x60, 0xfd, 0x60, 0xfd, 0x60, 0xfd, 0x60, 0xfd, 0x60, 0xfd, 0x60, 0xfd,
0x60, 0xfd, 0x60, 0xfd, 0x60, 0xfd, 0x60, 0xfd, 0x60, 0xfd, 0x60, 0xfd, 0x60, 0xfd, 0x60, 0xfd,
0x60, 0xfd, 0x60, 0xfd, 0x60, 0xfd, 0x60, 0xfd, 0x60, 0xfd, 0x60, 0xfd, 0x60, 0xfd, 0x60, 0xfd,
0x60, 0xfd, 0x60, 0xfd, 0x60, 0xfd, 0x60, 0xfd, 0x60, 0xfd, 0x60, 0xfd, 0x60, 0xfd, 0x60, 0xfd,
0x40, 0x6a, 0x00, 0x00, 0x00, 0x00, 0x00, 0x00, 0x00, 0x00, 0x00, 0x00, 0x00, 0x00, 0x00, 0x00,
0x00, 0x00, 0x80, 0x10, 0x60, 0xfd, 0x60, 0xfd, 0x60, 0xfd, 0x60, 0xfd, 0x60, 0xfd, 0x60, 0xfd,
0x60, 0xfd, 0x60, 0xfd, 0x60, 0xfd, 0x60, 0xfd, 0x60, 0xfd, 0x60, 0xfd, 0x60, 0xfd, 0x60, 0xfd,
0x60, 0xfd, 0x60, 0xfd, 0x60, 0xfd, 0x60, 0xfd, 0x60, 0xfd, 0x60, 0xfd, 0x60, 0xfd, 0x60, 0xfd,
0x60, 0xfd, 0x60, 0xfd, 0x60, 0xfd, 0x60, 0xfd, 0x60, 0xfd, 0x60, 0xfd, 0x60, 0xfd, 0x60, 0xfd,
0x60, 0xfd, 0x60, 0xfd, 0x60, 0xfd, 0x60, 0xfd, 0x60, 0xfd, 0x00, 0x00, 0x00, 0x00, 0x00, 0x00,
0x00, 0x00, 0x60, 0xfd, 0x60, 0xfd, 0x60, 0xfd, 0x60, 0xfd, 0x60, 0xfd, 0x60, 0xfd, 0x60, 0xfd,
0x60, 0xfd, 0x60, 0xfd, 0x60, 0xfd, 0x60, 0xfd, 0x60, 0xfd, 0x60, 0xfd, 0x60, 0xfd, 0x60, 0xfd,
0x60, 0xfd, 0x60, 0xfd, 0x60, 0xfd, 0x60, 0xfd, 0x60, 0xfd, 0x60, 0xfd, 0x60, 0xfd, 0x60, 0xfd,
0x60, 0xfd, 0x60, 0xfd, 0x60, 0xfd, 0x60, 0xfd, 0x60, 0xfd, 0x60, 0xfd, 0x60, 0xfd, 0x60, 0xfd,
0x60, 0xfd, 0x60, 0xfd, 0x60, 0xfd, 0x60, 0xfd, 0x60, 0xfd, 0x80, 0x49, 0x00, 0x00, 0x00, 0x00,
0x00, 0x00, 0x00, 0x00, 0x00, 0x00, 0x00, 0x00, 0x00, 0x00, 0x00, 0x00, 0x00, 0x00, 0x00, 0xe5,
0x60, 0xfd, 0x60, 0xfd, 0x60, 0xfd, 0x60, 0xfd, 0x60, 0xfd, 0x60, 0xfd, 0x60, 0xfd, 0x60, 0xfd,
0x60, 0xfd, 0x60, 0xfd, 0x60, 0xfd, 0x60, 0xfd, 0x60, 0xfd, 0x60, 0xfd, 0x60, 0xfd, 0x60, 0xfd,
0x60, 0xfd, 0x60, 0xfd, 0x60, 0xfd, 0x60, 0xfd, 0x60, 0xfd, 0x60, 0xfd, 0x60, 0xfd, 0x60, 0xfd,
0x60, 0xfd, 0x60, 0xfd, 0x60, 0xfd, 0x60, 0xfd, 0x60, 0xfd, 0x60, 0xfd, 0x60, 0xfd, 0x60, 0xfd,
0x60, 0xfd, 0x60, 0xfd, 0x00, 0x00, 0x00, 0x00, 0x00, 0x00, 0x00, 0x00, 0x60, 0xfd, 0x60, 0xfd,
0x60, 0xfd, 0x60, 0xfd, 0x60, 0xfd, 0x60, 0xfd, 0x60, 0xfd, 0x60, 0xfd, 0x60, 0xfd, 0x60, 0xfd,
0x60, 0xfd, 0x60, 0xfd, 0x60, 0xfd, 0x60, 0xfd, 0x60, 0xfd, 0x60, 0xfd, 0x60, 0xfd, 0x60, 0xfd,
0x60, 0xfd, 0x60, 0xfd, 0x60, 0xfd, 0x60, 0xfd, 0x60, 0xfd, 0x60, 0xfd, 0x60, 0xfd, 0x60, 0xfd,
0x60, 0xfd, 0x60, 0xfd, 0x60, 0xfd, 0x60, 0xfd, 0x60, 0xfd, 0x60, 0xfd, 0x60, 0xfd, 0x60, 0xfd,
0x60, 0xfd, 0x60, 0xfd, 0xc0, 0x20, 0x00, 0x00, 0x00, 0x00, 0x00, 0x00, 0x00, 0x00, 0x00, 0x00,
0x00, 0x00, 0x00, 0x00, 0x00, 0x00, 0x00, 0x00, 0xe0, 0xb3, 0x60, 0xfd, 0x60, 0xfd, 0x60, 0xfd,
0x60, 0xfd, 0x60, 0xfd, 0x60, 0xfd, 0x60, 0xfd, 0x60, 0xfd, 0x60, 0xfd, 0x60, 0xfd, 0x60, 0xfd,
0x60, 0xfd, 0x60, 0xfd, 0x60, 0xfd, 0x60, 0xfd, 0x60, 0xfd, 0x60, 0xfd, 0x60, 0xfd, 0x60, 0xfd,
0x60, 0xfd, 0x60, 0xfd, 0x60, 0xfd, 0x60, 0xfd, 0x60, 0xfd, 0x60, 0xfd, 0x60, 0xfd, 0x60, 0xfd,
0x60, 0xfd, 0x60, 0xfd, 0x60, 0xfd, 0x60, 0xfd, 0x60, 0xfd, 0x60, 0xfd, 0x60, 0xfd, 0x00, 0x00,
0x00, 0x00, 0x00, 0x00, 0x00, 0x00, 0x60, 0xfd, 0x60, 0xfd, 0x60, 0xfd, 0x60, 0xfd, 0x60, 0xfd,
0x60, 0xfd, 0x60, 0xfd, 0x60, 0xfd, 0x60, 0xfd, 0x60, 0xfd, 0x60, 0xfd, 0x60, 0xfd, 0x60, 0xfd,
0x60, 0xfd, 0x60, 0xfd, 0x60, 0xfd, 0x60, 0xfd, 0x60, 0xfd, 0x60, 0xfd, 0x60, 0xfd, 0x60, 0xfd,
0x60, 0xfd, 0x60, 0xfd, 0x60, 0xfd, 0x60, 0xfd, 0x60, 0xfd, 0x60, 0xfd, 0x60, 0xfd, 0x60, 0xfd,
0x60, 0xfd, 0x60, 0xfd, 0x60, 0xfd, 0x60, 0xfd, 0x60, 0xfd, 0x60, 0xfd, 0x00, 0xe5, 0x00, 0x00,
0x00, 0x00, 0x00, 0x00, 0x00, 0x00, 0x00, 0x00, 0x00, 0x00, 0x00, 0x00, 0x00, 0x00, 0x00, 0x00,
0x00, 0x00, 0x80, 0x72, 0x60, 0xfd, 0x60, 0xfd, 0x60, 0xfd, 0x60, 0xfd, 0x60, 0xfd, 0x60, 0xfd,
0x60, 0xfd, 0x60, 0xfd, 0x60, 0xfd, 0x60, 0xfd, 0x60, 0xfd, 0x60, 0xfd, 0x60, 0xfd, 0x60, 0xfd,
0x60, 0xfd, 0x60, 0xfd, 0x60, 0xfd, 0x60, 0xfd, 0x60, 0xfd, 0x60, 0xfd, 0x60, 0xfd, 0x60, 0xfd,
0x60, 0xfd, 0x60, 0xfd, 0x60, 0xfd, 0x60, 0xfd, 0x60, 0xfd, 0x60, 0xfd, 0x60, 0xfd, 0x60, 0xfd,
0x60, 0xfd, 0x60, 0xfd, 0x60, 0xfd, 0x60, 0xfd, 0x00, 0x00, 0x00, 0x00, 0x00, 0x00, 0x00, 0x00,
0x60, 0xfd, 0x60, 0xfd, 0x60, 0xfd, 0x60, 0xfd, 0x60, 0xfd, 0x60, 0xfd, 0x60, 0xfd, 0x60, 0xfd,
0x60, 0xfd, 0x60, 0xfd, 0x60, 0xfd, 0x60, 0xfd, 0x60, 0xfd, 0x60, 0xfd, 0x60, 0xfd, 0x60, 0xfd,
0x60, 0xfd, 0x60, 0xfd, 0x60, 0xfd, 0x60, 0xfd, 0x60, 0xfd, 0x60, 0xfd, 0x60, 0xfd, 0x60, 0xfd,
0x60, 0xfd, 0x60, 0xfd, 0x60, 0xfd, 0x60, 0xfd, 0x60, 0xfd, 0x60, 0xfd, 0x60, 0xfd, 0x60, 0xfd,
0x60, 0xfd, 0x60, 0xfd, 0x60, 0xfd, 0xa0, 0xab, 0x00, 0x00, 0x00, 0x00, 0x00, 0x00, 0x00, 0x00,
0x00, 0x00, 0x00, 0x00, 0x00, 0x00, 0x00, 0x00, 0x00, 0x00, 0x00, 0x00, 0xe0, 0x28, 0x60, 0xfd,
0x60, 0xfd, 0x60, 0xfd, 0x60, 0xfd, 0x60, 0xfd, 0x60, 0xfd, 0x60, 0xfd, 0x60, 0xfd, 0x60, 0xfd,
0x60, 0xfd, 0x60, 0xfd, 0x60, 0xfd, 0x60, 0xfd, 0x60, 0xfd, 0x60, 0xfd, 0x60, 0xfd, 0x60, 0xfd,
0x60, 0xfd, 0x60, 0xfd, 0x60, 0xfd, 0x60, 0xfd, 0x60, 0xfd, 0x60, 0xfd, 0x60, 0xfd, 0x60, 0xfd,
0x60, 0xfd, 0x60, 0xfd, 0x60, 0xfd, 0x60, 0xfd, 0x60, 0xfd, 0x60, 0xfd, 0x60, 0xfd, 0x60, 0xfd,
0x60, 0xfd, 0x00, 0x00, 0x00, 0x00, 0x00, 0x00, 0x00, 0x00, 0x60, 0xfd, 0x60, 0xfd, 0x60, 0xfd,
0x60, 0xfd, 0x60, 0xfd, 0x60, 0xfd, 0x60, 0xfd, 0x60, 0xfd, 0x60, 0xfd, 0x60, 0xfd, 0x60, 0xfd,
0x60, 0xfd, 0x60, 0xfd, 0x60, 0xfd, 0x60, 0xfd, 0x60, 0xfd, 0x60, 0xfd, 0x60, 0xfd, 0x60, 0xfd,
0x60, 0xfd, 0x60, 0xfd, 0x60, 0xfd, 0x60, 0xfd, 0x60, 0xfd, 0x60, 0xfd, 0x60, 0xfd, 0x60, 0xfd,
0x60, 0xfd, 0x60, 0xfd, 0x60, 0xfd, 0x60, 0xfd, 0x60, 0xfd, 0x60, 0xfd, 0x60, 0xfd, 0x60, 0xfd,
0x00, 0x5a, 0x00, 0x00, 0x00, 0x00, 0x00, 0x00, 0x00, 0x00, 0x00, 0x00, 0x00, 0x00, 0x00, 0x00,
0x00, 0x00, 0x00, 0x00, 0x00, 0x00, 0x00, 0x00, 0xa0, 0xd4, 0x60, 0xfd, 0x60, 0xfd, 0x60, 0xfd,
0x60, 0xfd, 0x60, 0xfd, 0x60, 0xfd, 0x60, 0xfd, 0x60, 0xfd, 0x60, 0xfd, 0x60, 0xfd, 0x60, 0xfd,
0x60, 0xfd, 0x60, 0xfd, 0x60, 0xfd, 0x60, 0xfd, 0x60, 0xfd, 0x60, 0xfd, 0x60, 0xfd, 0x60, 0xfd,
0x60, 0xfd, 0x60, 0xfd, 0x60, 0xfd, 0x60, 0xfd, 0x60, 0xfd, 0x60, 0xfd, 0x60, 0xfd, 0x60, 0xfd,
0x60, 0xfd, 0x60, 0xfd, 0x60, 0xfd, 0x60, 0xfd, 0x60, 0xfd, 0x60, 0xfd, 0x00, 0x00, 0x00, 0x00,
0x00, 0x00, 0x00, 0x00, 0x60, 0xfd, 0x60, 0xfd, 0x60, 0xfd, 0x60, 0xfd, 0x60, 0xfd, 0x60, 0xfd,
0x60, 0xfd, 0x60, 0xfd, 0x60, 0xfd, 0x60, 0xfd, 0x60, 0xfd, 0x60, 0xfd, 0x60, 0xfd, 0x60, 0xfd,
0x60, 0xfd, 0x60, 0xfd, 0x60, 0xfd, 0x60, 0xfd, 0x60, 0xfd, 0x60, 0xfd, 0x60, 0xfd, 0x60, 0xfd,
0x60, 0xfd, 0x60, 0xfd, 0x60, 0xfd, 0x60, 0xfd, 0x60, 0xfd, 0x60, 0xfd, 0x60, 0xfd, 0x60, 0xfd,
0x60, 0xfd, 0x60, 0xfd, 0x60, 0xfd, 0x60, 0xfd, 0x40, 0xf5, 0x60, 0x10, 0x00, 0x00, 0x00, 0x00,
0x00, 0x00, 0x00, 0x00, 0x00, 0x00, 0x00, 0x00, 0x60, 0xfd, 0x00, 0x00, 0x00, 0x00, 0x00, 0x00,
0x00, 0x00, 0xc0, 0x7a, 0x60, 0xfd, 0x60, 0xfd, 0x60, 0xfd, 0x60, 0xfd, 0x60, 0xfd, 0x60, 0xfd,
0x60, 0xfd, 0x60, 0xfd, 0x60, 0xfd, 0x60, 0xfd, 0x60, 0xfd, 0x60, 0xfd, 0x60, 0xfd, 0x60, 0xfd,
0x60, 0xfd, 0x60, 0xfd, 0x60, 0xfd, 0x60, 0xfd, 0x60, 0xfd, 0x60, 0xfd, 0x60, 0xfd, 0x60, 0xfd,
0x60, 0xfd, 0x60, 0xfd, 0x60, 0xfd, 0x60, 0xfd, 0x60, 0xfd, 0x60, 0xfd, 0x60, 0xfd, 0x60, 0xfd,
0x60, 0xfd, 0x60, 0xfd, 0x60, 0xfd, 0x00, 0x00, 0x00, 0x00, 0x00, 0x00, 0x00, 0x00, 0x60, 0xfd,
0x60, 0xfd, 0x60, 0xfd, 0x60, 0xfd, 0x60, 0xfd, 0x60, 0xfd, 0x60, 0xfd, 0x60, 0xfd, 0x60, 0xfd,
0x60, 0xfd, 0x60, 0xfd, 0x60, 0xfd, 0x60, 0xfd, 0x60, 0xfd, 0x60, 0xfd, 0x60, 0xfd, 0x60, 0xfd,
0x60, 0xfd, 0x60, 0xfd, 0x60, 0xfd, 0x60, 0xfd, 0x60, 0xfd, 0x60, 0xfd, 0x60, 0xfd, 0x60, 0xfd,
0x60, 0xfd, 0x60, 0xfd, 0x60, 0xfd, 0x60, 0xfd, 0x60, 0xfd, 0x60, 0xfd, 0x60, 0xfd, 0x60, 0xfd,
0x60, 0xfd, 0xe0, 0xb3, 0x00, 0x00, 0x00, 0x00, 0x00, 0x00, 0x00, 0x00, 0x00, 0x00, 0x00, 0x00,
0x00, 0x00, 0x60, 0xfd, 0x00, 0x00, 0x00, 0x00, 0x00, 0x00, 0x00, 0x00, 0x80, 0x18, 0x40, 0xf5,
0x60, 0xfd, 0x60, 0xfd, 0x60, 0xfd, 0x60, 0xfd, 0x60, 0xfd, 0x60, 0xfd, 0x60, 0xfd, 0x60, 0xfd,
0x60, 0xfd, 0x60, 0xfd, 0x60, 0xfd, 0x60, 0xfd, 0x60, 0xfd, 0x60, 0xfd, 0x60, 0xfd, 0x60, 0xfd,
0x60, 0xfd, 0x60, 0xfd, 0x60, 0xfd, 0x60, 0xfd, 0x60, 0xfd, 0x60, 0xfd, 0x60, 0xfd, 0x60, 0xfd,
0x60, 0xfd, 0x60, 0xfd, 0x60, 0xfd, 0x60, 0xfd, 0x60, 0xfd, 0x60, 0xfd, 0x60, 0xfd, 0x60, 0xfd,
0x00, 0x00, 0x00, 0x00, 0x00, 0x00, 0x00, 0x00, 0x60, 0xfd, 0x60, 0xfd, 0x60, 0xfd, 0x60, 0xfd,
0x60, 0xfd, 0x60, 0xfd, 0x60, 0xfd, 0x60, 0xfd, 0x60, 0xfd, 0x60, 0xfd, 0x60, 0xfd, 0x60, 0xfd,
0x60, 0xfd, 0x60, 0xfd, 0x60, 0xfd, 0x60, 0xfd, 0x60, 0xfd, 0x60, 0xfd, 0x60, 0xfd, 0x60, 0xfd,
0x60, 0xfd, 0x60, 0xfd, 0x60, 0xfd, 0x60, 0xfd, 0x60, 0xfd, 0x60, 0xfd, 0x60, 0xfd, 0x60, 0xfd,
0x60, 0xfd, 0x60, 0xfd, 0x60, 0xfd, 0x60, 0xfd, 0x60, 0xfd, 0x60, 0xfd, 0x80, 0x41, 0x00, 0x00,
0x00, 0x00, 0x00, 0x00, 0x00, 0x00, 0x00, 0x00, 0x00, 0x00, 0x00, 0x00, 0x60, 0xfd, 0x00, 0x00,
0x00, 0x00, 0x00, 0x00, 0x00, 0x00, 0x00, 0x00, 0x80, 0xa3, 0x60, 0xfd, 0x60, 0xfd, 0x60, 0xfd,
0x60, 0xfd, 0x60, 0xfd, 0x60, 0xfd, 0x60, 0xfd, 0x60, 0xfd, 0x60, 0xfd, 0x60, 0xfd, 0x60, 0xfd,
0x60, 0xfd, 0x60, 0xfd, 0x60, 0xfd, 0x60, 0xfd, 0x60, 0xfd, 0x60, 0xfd, 0x60, 0xfd, 0x60, 0xfd,
0x60, 0xfd, 0x60, 0xfd, 0x60, 0xfd, 0x60, 0xfd, 0x60, 0xfd, 0x60, 0xfd, 0x60, 0xfd, 0x60, 0xfd,
0x60, 0xfd, 0x60, 0xfd, 0x60, 0xfd, 0x60, 0xfd, 0x60, 0xfd, 0x00, 0x00, 0x00, 0x00, 0x00, 0x00,
0x00, 0x00, 0x60, 0xfd, 0x60, 0xfd, 0x60, 0xfd, 0x60, 0xfd, 0x60, 0xfd, 0x60, 0xfd, 0x60, 0xfd,
0x60, 0xfd, 0x60, 0xfd, 0x60, 0xfd, 0x60, 0xfd, 0x60, 0xfd, 0x60, 0xfd, 0x60, 0xfd, 0x60, 0xfd,
0x60, 0xfd, 0x60, 0xfd, 0x60, 0xfd, 0x60, 0xfd, 0x60, 0xfd, 0x60, 0xfd, 0x60, 0xfd, 0x60, 0xfd,
0x60, 0xfd, 0x60, 0xfd, 0x60, 0xfd, 0x60, 0xfd, 0x60, 0xfd, 0x60, 0xfd, 0x60, 0xfd, 0x60, 0xfd,
0x60, 0xfd, 0x60, 0xfd, 0xa0, 0xd4, 0x00, 0x00, 0x00, 0x00, 0x00, 0x00, 0x00, 0x00, 0x00, 0x00,
0x00, 0x00, 0x00, 0x00, 0x00, 0x00, 0x60, 0xfd, 0x60, 0xfd, 0x00, 0x00, 0x00, 0x00, 0x00, 0x00,
0x00, 0x00, 0xe0, 0x28, 0x40, 0xf5, 0x60, 0xfd, 0x60, 0xfd, 0x60, 0xfd, 0x60, 0xfd, 0x60, 0xfd,
0x60, 0xfd, 0x60, 0xfd, 0x60, 0xfd, 0x60, 0xfd, 0x60, 0xfd, 0x60, 0xfd, 0x60, 0xfd, 0x60, 0xfd,
0x60, 0xfd, 0x60, 0xfd, 0x60, 0xfd, 0x60, 0xfd, 0x60, 0xfd, 0x60, 0xfd, 0x60, 0xfd, 0x60, 0xfd,
0x60, 0xfd, 0x60, 0xfd, 0x60, 0xfd, 0x60, 0xfd, 0x60, 0xfd, 0x60, 0xfd, 0x60, 0xfd, 0x60, 0xfd,
0x60, 0xfd, 0x60, 0xfd, 0x00, 0x00, 0x00, 0x00, 0x00, 0x00, 0x00, 0x00, 0x60, 0xfd, 0x60, 0xfd,
0x60, 0xfd, 0x60, 0xfd, 0x60, 0xfd, 0x60, 0xfd, 0x60, 0xfd, 0x60, 0xfd, 0x60, 0xfd, 0x60, 0xfd,
0x60, 0xfd, 0x60, 0xfd, 0x60, 0xfd, 0x60, 0xfd, 0x60, 0xfd, 0x60, 0xfd, 0x60, 0xfd, 0x60, 0xfd,
0x60, 0xfd, 0x60, 0xfd, 0x60, 0xfd, 0x60, 0xfd, 0x60, 0xfd, 0x60, 0xfd, 0x60, 0xfd, 0x60, 0xfd,
0x60, 0xfd, 0x60, 0xfd, 0x60, 0xfd, 0x60, 0xfd, 0x60, 0xfd, 0x60, 0xfd, 0x60, 0xfd, 0x00, 0x62,
0x00, 0x00, 0x00, 0x00, 0x00, 0x00, 0x00, 0x00, 0x00, 0x00, 0x00, 0x00, 0x00, 0x00, 0x00, 0x00,
0x60, 0xfd, 0x60, 0xfd, 0x00, 0x00, 0x00, 0x00, 0x00, 0x00, 0x00, 0x00, 0x00, 0x00, 0x20, 0x93,
0x60, 0xfd, 0x60, 0xfd, 0x60, 0xfd, 0x60, 0xfd, 0x60, 0xfd, 0x60, 0xfd, 0x60, 0xfd, 0x60, 0xfd,
0x60, 0xfd, 0x60, 0xfd, 0x60, 0xfd, 0x60, 0xfd, 0x60, 0xfd, 0x60, 0xfd, 0x60, 0xfd, 0x60, 0xfd,
0x60, 0xfd, 0x60, 0xfd, 0x60, 0xfd, 0x60, 0xfd, 0x60, 0xfd, 0x60, 0xfd, 0x60, 0xfd, 0x60, 0xfd,
0x60, 0xfd, 0x60, 0xfd, 0x60, 0xfd, 0x60, 0xfd, 0x60, 0xfd, 0x60, 0xfd, 0x60, 0xfd, 0x00, 0x00,
0x00, 0x00, 0x00, 0x00, 0x00, 0x00, 0x60, 0xfd, 0x60, 0xfd, 0x60, 0xfd, 0x60, 0xfd, 0x60, 0xfd,
0x60, 0xfd, 0x60, 0xfd, 0x60, 0xfd, 0x60, 0xfd, 0x60, 0xfd, 0x60, 0xfd, 0x60, 0xfd, 0x60, 0xfd,
0x60, 0xfd, 0x60, 0xfd, 0x60, 0xfd, 0x60, 0xfd, 0x60, 0xfd, 0x60, 0xfd, 0x60, 0xfd, 0x60, 0xfd,
0x60, 0xfd, 0x60, 0xfd, 0x60, 0xfd, 0x60, 0xfd, 0x60, 0xfd, 0x60, 0xfd, 0x60, 0xfd, 0x60, 0xfd,
0x60, 0xfd, 0x60, 0xfd, 0x60, 0xfd, 0x60, 0xcc, 0x00, 0x00, 0x00, 0x00, 0x00, 0x00, 0x00, 0x00,
0x00, 0x00, 0x60, 0xfd, 0x00, 0x00, 0x00, 0x00, 0x00, 0x00, 0x60, 0xfd, 0x60, 0xfd, 0x60, 0xfd,
0x00, 0x00, 0x00, 0x00, 0x00, 0x00, 0x00, 0x00, 0x80, 0x18, 0x20, 0xed, 0x60, 0xfd, 0x60, 0xfd,
0x60, 0xfd, 0x60, 0xfd, 0x60, 0xfd, 0x60, 0xfd, 0x60, 0xfd, 0x60, 0xfd, 0x60, 0xfd, 0x60, 0xfd,
0x60, 0xfd, 0x60, 0xfd, 0x60, 0xfd, 0x60, 0xfd, 0x60, 0xfd, 0x60, 0xfd, 0x60, 0xfd, 0x60, 0xfd,
0x60, 0xfd, 0x60, 0xfd, 0x60, 0xfd, 0x60, 0xfd, 0x60, 0xfd, 0x60, 0xfd, 0x60, 0xfd, 0x60, 0xfd,
0x60, 0xfd, 0x60, 0xfd, 0x60, 0xfd, 0x60, 0xfd, 0x00, 0x00, 0x00, 0x00, 0x00, 0x00, 0x00, 0x00,
0x60, 0xfd, 0x60, 0xfd, 0x60, 0xfd, 0x60, 0xfd, 0x60, 0xfd, 0x60, 0xfd, 0x60, 0xfd, 0x60, 0xfd,
0x60, 0xfd, 0x60, 0xfd, 0x60, 0xfd, 0x60, 0xfd, 0x60, 0xfd, 0x60, 0xfd, 0x60, 0xfd, 0x60, 0xfd,
0x60, 0xfd, 0x60, 0xfd, 0x60, 0xfd, 0x60, 0xfd, 0x60, 0xfd, 0x60, 0xfd, 0x60, 0xfd, 0x60, 0xfd,
0x60, 0xfd, 0x60, 0xfd, 0x60, 0xfd, 0x60, 0xfd, 0x60, 0xfd, 0x60, 0xfd, 0x60, 0xfd, 0x60, 0xfd,
0x40, 0x39, 0x00, 0x00, 0x00, 0x00, 0x00, 0x00, 0x00, 0x00, 0x00, 0x00, 0x60, 0xfd, 0x00, 0x00,
0x00, 0x00, 0x00, 0x00, 0x60, 0xfd, 0x60, 0xfd, 0x60, 0xfd, 0x00, 0x00, 0x00, 0x00, 0x00, 0x00,
0x00, 0x00, 0x00, 0x00, 0x00, 0x62, 0x60, 0xfd, 0x60, 0xfd, 0x60, 0xfd, 0x60, 0xfd, 0x60, 0xfd,
0x60, 0xfd, 0x60, 0xfd, 0x60, 0xfd, 0x60, 0xfd, 0x60, 0xfd, 0x60, 0xfd, 0x60, 0xfd, 0x60, 0xfd,
0x60, 0xfd, 0x60, 0xfd, 0x60, 0xfd, 0x60, 0xfd, 0x60, 0xfd, 0x60, 0xfd, 0x60, 0xfd, 0x60, 0xfd,
0x60, 0xfd, 0x60, 0xfd, 0x60, 0xfd, 0x60, 0xfd, 0x60, 0xfd, 0x60, 0xfd, 0x60, 0xfd, 0x60, 0xfd,
0x60, 0xfd, 0x00, 0x00, 0x00, 0x00, 0x00, 0x00, 0x00, 0x00, 0x60, 0xfd, 0x60, 0xfd, 0x60, 0xfd,
0x60, 0xfd, 0x60, 0xfd, 0x60, 0xfd, 0x60, 0xfd, 0x60, 0xfd, 0x60, 0xfd, 0x60, 0xfd, 0x60, 0xfd,
0x60, 0xfd, 0x60, 0xfd, 0x60, 0xfd, 0x60, 0xfd, 0x60, 0xfd, 0x60, 0xfd, 0x60, 0xfd, 0x60, 0xfd,
0x60, 0xfd, 0x60, 0xfd, 0x60, 0xfd, 0x60, 0xfd, 0x60, 0xfd, 0x60, 0xfd, 0x60, 0xfd, 0x60, 0xfd,
0x60, 0xfd, 0x60, 0xfd, 0x60, 0xfd, 0x60, 0xfd, 0x20, 0x93, 0x00, 0x00, 0x00, 0x00, 0x00, 0x00,
0x00, 0x00, 0x00, 0x00, 0x60, 0xfd, 0x60, 0xfd, 0x00, 0x00, 0x00, 0x00, 0x00, 0x00, 0x60, 0xfd,
0x60, 0xfd, 0x60, 0xfd, 0x60, 0xfd, 0x00, 0x00, 0x00, 0x00, 0x00, 0x00, 0x00, 0x00, 0x00, 0x00,
0xa0, 0xab, 0x60, 0xfd, 0x60, 0xfd, 0x60, 0xfd, 0x60, 0xfd, 0x60, 0xfd, 0x60, 0xfd, 0x60, 0xfd,
0x60, 0xfd, 0x60, 0xfd, 0x60, 0xfd, 0x60, 0xfd, 0x60, 0xfd, 0x60, 0xfd, 0x60, 0xfd, 0x60, 0xfd,
0x60, 0xfd, 0x60, 0xfd, 0x60, 0xfd, 0x60, 0xfd, 0x60, 0xfd, 0x60, 0xfd, 0x60, 0xfd, 0x60, 0xfd,
0x60, 0xfd, 0x60, 0xfd, 0x60, 0xfd, 0x60, 0xfd, 0x60, 0xfd, 0x60, 0xfd, 0x00, 0x00, 0x00, 0x00,
0x00, 0x00, 0x00, 0x00, 0x60, 0xfd, 0x60, 0xfd, 0x60, 0xfd, 0x60, 0xfd, 0x60, 0xfd, 0x60, 0xfd,
0x60, 0xfd, 0x60, 0xfd, 0x60, 0xfd, 0x60, 0xfd, 0x60, 0xfd, 0x60, 0xfd, 0x60, 0xfd, 0x60, 0xfd,
0x60, 0xfd, 0x60, 0xfd, 0x60, 0xfd, 0x60, 0xfd, 0x60, 0xfd, 0x60, 0xfd, 0x60, 0xfd, 0x60, 0xfd,
0x60, 0xfd, 0x60, 0xfd, 0x60, 0xfd, 0x60, 0xfd, 0x60, 0xfd, 0x60, 0xfd, 0x60, 0xfd, 0x60, 0xfd,
0x80, 0xd4, 0x20, 0x08, 0x00, 0x00, 0x00, 0x00, 0x00, 0x00, 0x00, 0x00, 0x60, 0xfd, 0x60, 0xfd,
0x60, 0xfd, 0x00, 0x00, 0x00, 0x00, 0x00, 0x00, 0x60, 0xfd, 0x60, 0xfd, 0x60, 0xfd, 0x60, 0xfd,
0x00, 0x00, 0x00, 0x00, 0x00, 0x00, 0x00, 0x00, 0x00, 0x00, 0x60, 0x10, 0xc0, 0xdc, 0x60, 0xfd,
0x60, 0xfd, 0x60, 0xfd, 0x60, 0xfd, 0x60, 0xfd, 0x60, 0xfd, 0x60, 0xfd, 0x60, 0xfd, 0x60, 0xfd,
0x60, 0xfd, 0x60, 0xfd, 0x60, 0xfd, 0x60, 0xfd, 0x60, 0xfd, 0x60, 0xfd, 0x60, 0xfd, 0x60, 0xfd,
0x60, 0xfd, 0x60, 0xfd, 0x60, 0xfd, 0x60, 0xfd, 0x60, 0xfd, 0x60, 0xfd, 0x60, 0xfd, 0x60, 0xfd,
0x60, 0xfd, 0x60, 0xfd, 0x60, 0xfd, 0x00, 0x00, 0x00, 0x00, 0x00, 0x00, 0x00, 0x00, 0x60, 0xfd,
0x60, 0xfd, 0x60, 0xfd, 0x60, 0xfd, 0x60, 0xfd, 0x60, 0xfd, 0x60, 0xfd, 0x60, 0xfd, 0x60, 0xfd,
0x60, 0xfd, 0x60, 0xfd, 0x60, 0xfd, 0x60, 0xfd, 0x60, 0xfd, 0x60, 0xfd, 0x60, 0xfd, 0x60, 0xfd,
0x60, 0xfd, 0x60, 0xfd, 0x60, 0xfd, 0x60, 0xfd, 0x60, 0xfd, 0x60, 0xfd, 0x60, 0xfd, 0x60, 0xfd,
0x60, 0xfd, 0x60, 0xfd, 0x60, 0xfd, 0x60, 0xfd, 0x40, 0xf5, 0x00, 0x31, 0x00, 0x00, 0x00, 0x00,
0x00, 0x00, 0x00, 0x00, 0x00, 0x00, 0x60, 0xfd, 0x60, 0xfd, 0x60, 0xfd, 0x00, 0x00, 0x00, 0x00,
0x00, 0x00, 0x60, 0xfd, 0x60, 0xfd, 0x60, 0xfd, 0x60, 0xfd, 0x60, 0xfd, 0x00, 0x00, 0x00, 0x00,
0x00, 0x00, 0x00, 0x00, 0x00, 0x00, 0x00, 0x29, 0x20, 0xed, 0x60, 0xfd, 0x60, 0xfd, 0x60, 0xfd,
0x60, 0xfd, 0x60, 0xfd, 0x60, 0xfd, 0x60, 0xfd, 0x60, 0xfd, 0x60, 0xfd, 0x60, 0xfd, 0x60, 0xfd,
0x60, 0xfd, 0x60, 0xfd, 0x60, 0xfd, 0x60, 0xfd, 0x60, 0xfd, 0x60, 0xfd, 0x60, 0xfd, 0x60, 0xfd,
0x60, 0xfd, 0x60, 0xfd, 0x60, 0xfd, 0x60, 0xfd, 0x60, 0xfd, 0x60, 0xfd, 0x60, 0xfd, 0x60, 0xfd,
0x00, 0x00, 0x00, 0x00, 0x00, 0x00, 0x00, 0x00, 0x60, 0xfd, 0x60, 0xfd, 0x60, 0xfd, 0x60, 0xfd,
0x60, 0xfd, 0x60, 0xfd, 0x60, 0xfd, 0x60, 0xfd, 0x60, 0xfd, 0x60, 0xfd, 0x60, 0xfd, 0x60, 0xfd,
0x60, 0xfd, 0x60, 0xfd, 0x60, 0xfd, 0x60, 0xfd, 0x60, 0xfd, 0x60, 0xfd, 0x60, 0xfd, 0x60, 0xfd,
0x60, 0xfd, 0x60, 0xfd, 0x60, 0xfd, 0x60, 0xfd, 0x60, 0xfd, 0x60, 0xfd, 0x60, 0xfd, 0x60, 0xfd,
0x60, 0xfd, 0xe0, 0x59, 0x00, 0x00, 0x00, 0x00, 0x00, 0x00, 0x00, 0x00, 0x00, 0x00, 0x60, 0xfd,
0x60, 0xfd, 0x60, 0xfd, 0x60, 0xfd, 0x00, 0x00, 0x00, 0x00, 0x00, 0x00, 0x60, 0xfd, 0x60, 0xfd,
0x60, 0xfd, 0x60, 0xfd, 0x60, 0xfd, 0x60, 0xfd, 0x00, 0x00, 0x00, 0x00, 0x00, 0x00, 0x00, 0x00,
0x00, 0x00, 0x80, 0x41, 0x40, 0xf5, 0x60, 0xfd, 0x60, 0xfd, 0x60, 0xfd, 0x60, 0xfd, 0x60, 0xfd,
0x60, 0xfd, 0x60, 0xfd, 0x60, 0xfd, 0x60, 0xfd, 0x60, 0xfd, 0x60, 0xfd, 0x60, 0xfd, 0x60, 0xfd,
0x60, 0xfd, 0x60, 0xfd, 0x60, 0xfd, 0x60, 0xfd, 0x60, 0xfd, 0x60, 0xfd, 0x60, 0xfd, 0x60, 0xfd,
0x60, 0xfd, 0x60, 0xfd, 0x60, 0xfd, 0x60, 0xfd, 0x60, 0xfd, 0x00, 0x00, 0x00, 0x00, 0x00, 0x00,
0x00, 0x00, 0x60, 0xfd, 0x60, 0xfd, 0x60, 0xfd, 0x60, 0xfd, 0x60, 0xfd, 0x60, 0xfd, 0x60, 0xfd,
0x60, 0xfd, 0x60, 0xfd, 0x60, 0xfd, 0x60, 0xfd, 0x60, 0xfd, 0x60, 0xfd, 0x60, 0xfd, 0x60, 0xfd,
0x60, 0xfd, 0x60, 0xfd, 0x60, 0xfd, 0x60, 0xfd, 0x60, 0xfd, 0x60, 0xfd, 0x60, 0xfd, 0x60, 0xfd,
0x60, 0xfd, 0x60, 0xfd, 0x60, 0xfd, 0x60, 0xfd, 0x60, 0xfd, 0x80, 0x72, 0x00, 0x00, 0x00, 0x00,
0x00, 0x00, 0x00, 0x00, 0x00, 0x00, 0x60, 0xfd, 0x60, 0xfd, 0x60, 0xfd, 0x60, 0xfd, 0x60, 0xfd,
0x00, 0x00, 0x00, 0x00, 0x00, 0x00, 0x60, 0xfd, 0x60, 0xfd, 0x60, 0xfd, 0x60, 0xfd, 0x60, 0xfd,
0x60, 0xfd, 0x00, 0x00, 0x00, 0x00, 0x00, 0x00, 0x00, 0x00, 0x00, 0x00, 0x00, 0x00, 0xc0, 0x51,
0x40, 0xf5, 0x60, 0xfd, 0x60, 0xfd, 0x60, 0xfd, 0x60, 0xfd, 0x60, 0xfd, 0x60, 0xfd, 0x60, 0xfd,
0x60, 0xfd, 0x60, 0xfd, 0x60, 0xfd, 0x60, 0xfd, 0x60, 0xfd, 0x60, 0xfd, 0x60, 0xfd, 0x60, 0xfd,
0x60, 0xfd, 0x60, 0xfd, 0x60, 0xfd, 0x60, 0xfd, 0x60, 0xfd, 0x60, 0xfd, 0x60, 0xfd, 0x60, 0xfd,
0x60, 0xfd, 0x60, 0xfd, 0x00, 0x00, 0x00, 0x00, 0x00, 0x00, 0x00, 0x00, 0x60, 0xfd, 0x60, 0xfd,
0x60, 0xfd, 0x60, 0xfd, 0x60, 0xfd, 0x60, 0xfd, 0x60, 0xfd, 0x60, 0xfd, 0x60, 0xfd, 0x60, 0xfd,
0x60, 0xfd, 0x60, 0xfd, 0x60, 0xfd, 0x60, 0xfd, 0x60, 0xfd, 0x60, 0xfd, 0x60, 0xfd, 0x60, 0xfd,
0x60, 0xfd, 0x60, 0xfd, 0x60, 0xfd, 0x60, 0xfd, 0x60, 0xfd, 0x60, 0xfd, 0x60, 0xfd, 0x60, 0xfd,
0x60, 0xfd, 0xa0, 0x7a, 0x00, 0x00, 0x00, 0x00, 0x00, 0x00, 0x00, 0x00, 0x00, 0x00, 0x00, 0x00,
0x60, 0xfd, 0x60, 0xfd, 0x60, 0xfd, 0x60, 0xfd, 0x60, 0xfd, 0x00, 0x00, 0x00, 0x00, 0x00, 0x00,
0x60, 0xfd, 0x60, 0xfd, 0x60, 0xfd, 0x60, 0xfd, 0x60, 0xfd, 0x60, 0xfd, 0x60, 0xfd, 0x00, 0x00,
0x00, 0x00, 0x00, 0x00, 0x00, 0x00, 0x00, 0x00, 0x00, 0x00, 0xa0, 0x49, 0x20, 0xed, 0x60, 0xfd,
0x60, 0xfd, 0x60, 0xfd, 0x60, 0xfd, 0x60, 0xfd, 0x60, 0xfd, 0x60, 0xfd, 0x60, 0xfd, 0x60, 0xfd,
0x60, 0xfd, 0x60, 0xfd, 0x60, 0xfd, 0x60, 0xfd, 0x60, 0xfd, 0x60, 0xfd, 0x60, 0xfd, 0x60, 0xfd,
0x60, 0xfd, 0x60, 0xfd, 0x60, 0xfd, 0x60, 0xfd, 0x60, 0xfd, 0x60, 0xfd, 0x60, 0xfd, 0x00, 0x00,
0x00, 0x00, 0x00, 0x00, 0x00, 0x00, 0x60, 0xfd, 0x60, 0xfd, 0x60, 0xfd, 0x60, 0xfd, 0x60, 0xfd,
0x60, 0xfd, 0x60, 0xfd, 0x60, 0xfd, 0x60, 0xfd, 0x60, 0xfd, 0x60, 0xfd, 0x60, 0xfd, 0x60, 0xfd,
0x60, 0xfd, 0x60, 0xfd, 0x60, 0xfd, 0x60, 0xfd, 0x60, 0xfd, 0x60, 0xfd, 0x60, 0xfd, 0x60, 0xfd,
0x60, 0xfd, 0x60, 0xfd, 0x60, 0xfd, 0x60, 0xfd, 0x60, 0xfd, 0x80, 0x72, 0x00, 0x00, 0x00, 0x00,
0x00, 0x00, 0x00, 0x00, 0x00, 0x00, 0x00, 0x00, 0x60, 0xfd, 0x60, 0xfd, 0x60, 0xfd, 0x60, 0xfd,
0x60, 0xfd, 0x60, 0xfd, 0x00, 0x00, 0x00, 0x00, 0x00, 0x00, 0x60, 0xfd, 0x60, 0xfd, 0x60, 0xfd,
0x60, 0xfd, 0x60, 0xfd, 0x60, 0xfd, 0x60, 0xfd, 0x60, 0xfd, 0x00, 0x00, 0x00, 0x00, 0x00, 0x00,
0x00, 0x00, 0x00, 0x00, 0x00, 0x00, 0x20, 0x31, 0xe0, 0xe4, 0x60, 0xfd, 0x60, 0xfd, 0x60, 0xfd,
0x60, 0xfd, 0x60, 0xfd, 0x60, 0xfd, 0x60, 0xfd, 0x60, 0xfd, 0x60, 0xfd, 0x60, 0xfd, 0x60, 0xfd,
0x60, 0xfd, 0x60, 0xfd, 0x60, 0xfd, 0x60, 0xfd, 0x60, 0xfd, 0x60, 0xfd, 0x60, 0xfd, 0x60, 0xfd,
0x60, 0xfd, 0x60, 0xfd, 0x60, 0xfd, 0x60, 0xfd, 0x00, 0x00, 0x00, 0x00, 0x00, 0x00, 0x00, 0x00,
0x60, 0xfd, 0x60, 0xfd, 0x60, 0xfd, 0x60, 0xfd, 0x60, 0xfd, 0x60, 0xfd, 0x60, 0xfd, 0x60, 0xfd,
0x60, 0xfd, 0x60, 0xfd, 0x60, 0xfd, 0x60, 0xfd, 0x60, 0xfd, 0x60, 0xfd, 0x60, 0xfd, 0x60, 0xfd,
0x60, 0xfd, 0x60, 0xfd, 0x60, 0xfd, 0x60, 0xfd, 0x60, 0xfd, 0x60, 0xfd, 0x60, 0xfd, 0x60, 0xfd,
0x40, 0xf5, 0xe0, 0x59, 0x00, 0x00, 0x00, 0x00, 0x00, 0x00, 0x00, 0x00, 0x00, 0x00, 0x00, 0x00,
0x60, 0xfd, 0x60, 0xfd, 0x60, 0xfd, 0x60, 0xfd, 0x60, 0xfd, 0x60, 0xfd, 0x60, 0xfd, 0x00, 0x00,
0x00, 0x00, 0x00, 0x00, 0x60, 0xfd, 0x60, 0xfd, 0x60, 0xfd, 0x60, 0xfd, 0x60, 0xfd, 0x60, 0xfd,
0x60, 0xfd, 0x60, 0xfd, 0x60, 0xfd, 0x00, 0x00, 0x00, 0x00, 0x00, 0x00, 0x00, 0x00, 0x00, 0x00,
0x00, 0x00, 0x80, 0x18, 0x20, 0xc4, 0x60, 0xfd, 0x60, 0xfd, 0x60, 0xfd, 0x60, 0xfd, 0x60, 0xfd,
0x60, 0xfd, 0x60, 0xfd, 0x60, 0xfd, 0x60, 0xfd, 0x60, 0xfd, 0x60, 0xfd, 0x60, 0xfd, 0x60, 0xfd,
0x60, 0xfd, 0x60, 0xfd, 0x60, 0xfd, 0x60, 0xfd, 0x60, 0xfd, 0x60, 0xfd, 0x60, 0xfd, 0x60, 0xfd,
0x60, 0xfd, 0x00, 0x00, 0x00, 0x00, 0x00, 0x00, 0x00, 0x00, 0x60, 0xfd, 0x60, 0xfd, 0x60, 0xfd,
0x60, 0xfd, 0x60, 0xfd, 0x60, 0xfd, 0x60, 0xfd, 0x60, 0xfd, 0x60, 0xfd, 0x60, 0xfd, 0x60, 0xfd,
0x60, 0xfd, 0x60, 0xfd, 0x60, 0xfd, 0x60, 0xfd, 0x60, 0xfd, 0x60, 0xfd, 0x60, 0xfd, 0x60, 0xfd,
0x60, 0xfd, 0x60, 0xfd, 0x60, 0xfd, 0x60, 0xfd, 0xc0, 0xdc, 0x20, 0x31, 0x00, 0x00, 0x00, 0x00,
0x00, 0x00, 0x00, 0x00, 0x00, 0x00, 0x00, 0x00, 0x60, 0xfd, 0x60, 0xfd, 0x60, 0xfd, 0x60, 0xfd,
0x60, 0xfd, 0x60, 0xfd, 0x60, 0xfd, 0x60, 0xfd, 0x00, 0x00, 0x00, 0x00, 0x00, 0x00, 0x60, 0xfd,
0x60, 0xfd, 0x60, 0xfd, 0x60, 0xfd, 0x60, 0xfd, 0x60, 0xfd, 0x60, 0xfd, 0x60, 0xfd, 0x60, 0xfd,
0x60, 0xfd, 0x00, 0x00, 0x00, 0x00, 0x00, 0x00, 0x00, 0x00, 0x00, 0x00, 0x00, 0x00, 0x20, 0x00,
0xc0, 0x82, 0x40, 0xf5, 0x60, 0xfd, 0x60, 0xfd, 0x60, 0xfd, 0x60, 0xfd, 0x60, 0xfd, 0x60, 0xfd,
0x60, 0xfd, 0x60, 0xfd, 0x60, 0xfd, 0x60, 0xfd, 0x60, 0xfd, 0x60, 0xfd, 0x60, 0xfd, 0x60, 0xfd,
0x60, 0xfd, 0x60, 0xfd, 0x60, 0xfd, 0x60, 0xfd, 0x60, 0xfd, 0x60, 0xfd, 0x00, 0x00, 0x00, 0x00,
0x00, 0x00, 0x00, 0x00, 0x60, 0xfd, 0x60, 0xfd, 0x60, 0xfd, 0x60, 0xfd, 0x60, 0xfd, 0x60, 0xfd,
0x60, 0xfd, 0x60, 0xfd, 0x60, 0xfd, 0x60, 0xfd, 0x60, 0xfd, 0x60, 0xfd, 0x60, 0xfd, 0x60, 0xfd,
0x60, 0xfd, 0x60, 0xfd, 0x60, 0xfd, 0x60, 0xfd, 0x60, 0xfd, 0x60, 0xfd, 0x60, 0xfd, 0x60, 0xfd,
0xa0, 0xab, 0x60, 0x10, 0x00, 0x00, 0x00, 0x00, 0x00, 0x00, 0x00, 0x00, 0x00, 0x00, 0x00, 0x00,
0x60, 0xfd, 0x60, 0xfd, 0x60, 0xfd, 0x60, 0xfd, 0x60, 0xfd, 0x60, 0xfd, 0x60, 0xfd, 0x60, 0xfd,
0x60, 0xfd, 0x00, 0x00, 0x00, 0x00, 0x00, 0x00, 0x60, 0xfd, 0x60, 0xfd, 0x60, 0xfd, 0x60, 0xfd,
0x60, 0xfd, 0x60, 0xfd, 0x60, 0xfd, 0x60, 0xfd, 0x60, 0xfd, 0x60, 0xfd, 0x60, 0xfd, 0x00, 0x00,
0x00, 0x00, 0x00, 0x00, 0x00, 0x00, 0x00, 0x00, 0x00, 0x00, 0x00, 0x00, 0x00, 0x31, 0x40, 0xcc,
0x60, 0xfd, 0x60, 0xfd, 0x60, 0xfd, 0x60, 0xfd, 0x60, 0xfd, 0x60, 0xfd, 0x60, 0xfd, 0x60, 0xfd,
0x60, 0xfd, 0x60, 0xfd, 0x60, 0xfd, 0x60, 0xfd, 0x60, 0xfd, 0x60, 0xfd, 0x60, 0xfd, 0x60, 0xfd,
0x60, 0xfd, 0x60, 0xfd, 0x60, 0xfd, 0x00, 0x00, 0x00, 0x00, 0x00, 0x00, 0x00, 0x00, 0x60, 0xfd,
0x60, 0xfd, 0x60, 0xfd, 0x60, 0xfd, 0x60, 0xfd, 0x60, 0xfd, 0x60, 0xfd, 0x60, 0xfd, 0x60, 0xfd,
0x60, 0xfd, 0x60, 0xfd, 0x60, 0xfd, 0x60, 0xfd, 0x60, 0xfd, 0x60, 0xfd, 0x60, 0xfd, 0x60, 0xfd,
0x60, 0xfd, 0x60, 0xfd, 0x60, 0xfd, 0xc0, 0xe4, 0xa0, 0x49, 0x00, 0x00, 0x00, 0x00, 0x00, 0x00,
0x00, 0x00, 0x00, 0x00, 0x00, 0x00, 0x00, 0x00, 0x60, 0xfd, 0x60, 0xfd, 0x60, 0xfd, 0x60, 0xfd,
0x60, 0xfd, 0x60, 0xfd, 0x60, 0xfd, 0x60, 0xfd, 0x60, 0xfd, 0x60, 0xfd, 0x00, 0x00, 0x00, 0x00,
0x00, 0x00, 0x60, 0xfd, 0x60, 0xfd, 0x60, 0xfd, 0x60, 0xfd, 0x60, 0xfd, 0x60, 0xfd, 0x60, 0xfd,
0x60, 0xfd, 0x60, 0xfd, 0x60, 0xfd, 0x60, 0xfd, 0x60, 0xfd, 0x00, 0x00, 0x00, 0x00, 0x00, 0x00,
0x00, 0x00, 0x00, 0x00, 0x00, 0x00, 0x00, 0x00, 0x00, 0x00, 0x60, 0x6a, 0xe0, 0xe4, 0x60, 0xfd,
0x60, 0xfd, 0x60, 0xfd, 0x60, 0xfd, 0x60, 0xfd, 0x60, 0xfd, 0x60, 0xfd, 0x60, 0xfd, 0x60, 0xfd,
0x60, 0xfd, 0x60, 0xfd, 0x60, 0xfd, 0x60, 0xfd, 0x60, 0xfd, 0x60, 0xfd, 0x60, 0xfd, 0x60, 0xfd,
0x00, 0x00, 0x00, 0x00, 0x00, 0x00, 0x00, 0x00, 0x60, 0xfd, 0x60, 0xfd, 0x60, 0xfd, 0x60, 0xfd,
0x60, 0xfd, 0x60, 0xfd, 0x60, 0xfd, 0x60, 0xfd, 0x60, 0xfd, 0x60, 0xfd, 0x60, 0xfd, 0x60, 0xfd,
0x60, 0xfd, 0x60, 0xfd, 0x60, 0xfd, 0x60, 0xfd, 0x60, 0xfd, 0x60, 0xfd, 0x20, 0xf5, 0x00, 0x8b,
0x40, 0x08, 0x00, 0x00, 0x00, 0x00, 0x00, 0x00, 0x00, 0x00, 0x00, 0x00, 0x00, 0x00, 0x00, 0x00,
0x60, 0xfd, 0x60, 0xfd, 0x60, 0xfd, 0x60, 0xfd, 0x60, 0xfd, 0x60, 0xfd, 0x60, 0xfd, 0x60, 0xfd,
0x60, 0xfd, 0x60, 0xfd, 0x60, 0xfd, 0x00, 0x00, 0x00, 0x00, 0x00, 0x00, 0x60, 0xfd, 0x60, 0xfd,
0x60, 0xfd, 0x60, 0xfd, 0x60, 0xfd, 0x60, 0xfd, 0x60, 0xfd, 0x60, 0xfd, 0x60, 0xfd, 0x60, 0xfd,
0x60, 0xfd, 0x60, 0xfd, 0x60, 0xfd, 0x60, 0xfd, 0x00, 0x00, 0x00, 0x00, 0x00, 0x00, 0x00, 0x00,
0x00, 0x00, 0x00, 0x00, 0x00, 0x00, 0x40, 0x08, 0x80, 0x7a, 0x00, 0xed, 0x60, 0xfd, 0x60, 0xfd,
0x60, 0xfd, 0x60, 0xfd, 0x60, 0xfd, 0x60, 0xfd, 0x60, 0xfd, 0x60, 0xfd, 0x60, 0xfd, 0x60, 0xfd,
0x60, 0xfd, 0x60, 0xfd, 0x60, 0xfd, 0x60, 0xfd, 0x60, 0xfd, 0x00, 0x00, 0x00, 0x00, 0x00, 0x00,
0x00, 0x00, 0x60, 0xfd, 0x60, 0xfd, 0x60, 0xfd, 0x60, 0xfd, 0x60, 0xfd, 0x60, 0xfd, 0x60, 0xfd,
0x60, 0xfd, 0x60, 0xfd, 0x60, 0xfd, 0x60, 0xfd, 0x60, 0xfd, 0x60, 0xfd, 0x60, 0xfd, 0x60, 0xfd,
0x60, 0xfd, 0x40, 0xf5, 0x20, 0x93, 0x80, 0x18, 0x00, 0x00, 0x00, 0x00, 0x00, 0x00, 0x00, 0x00,
0x00, 0x00, 0x00, 0x00, 0x00, 0x00, 0x00, 0x00, 0x60, 0xfd, 0x60, 0xfd, 0x60, 0xfd, 0x60, 0xfd,
0x60, 0xfd, 0x60, 0xfd, 0x60, 0xfd, 0x60, 0xfd, 0x60, 0xfd, 0x60, 0xfd, 0x60, 0xfd, 0x60, 0xfd,
0x00, 0x00, 0x00, 0x00, 0x00, 0x00, 0x60, 0xfd, 0x60, 0xfd, 0x60, 0xfd, 0x60, 0xfd, 0x60, 0xfd,
0x60, 0xfd, 0x60, 0xfd, 0x60, 0xfd, 0x60, 0xfd, 0x60, 0xfd, 0x60, 0xfd, 0x60, 0xfd, 0x60, 0xfd,
0x60, 0xfd, 0x60, 0xfd, 0x00, 0x00, 0x00, 0x00, 0x00, 0x00, 0x00, 0x00, 0x00, 0x00, 0x00, 0x00,
0x00, 0x00, 0x00, 0x00, 0x40, 0x08, 0x40, 0x6a, 0x80, 0xcc, 0x60, 0xfd, 0x60, 0xfd, 0x60, 0xfd,
0x60, 0xfd, 0x60, 0xfd, 0x60, 0xfd, 0x60, 0xfd, 0x60, 0xfd, 0x60, 0xfd, 0x60, 0xfd, 0x60, 0xfd,
0x60, 0xfd, 0x60, 0xfd, 0x00, 0x00, 0x00, 0x00, 0x00, 0x00, 0x00, 0x00, 0x60, 0xfd, 0x60, 0xfd,
0x60, 0xfd, 0x60, 0xfd, 0x60, 0xfd, 0x60, 0xfd, 0x60, 0xfd, 0x60, 0xfd, 0x60, 0xfd, 0x60, 0xfd,
0x60, 0xfd, 0x60, 0xfd, 0x60, 0xfd, 0x60, 0xfd, 0xc0, 0xe4, 0xa0, 0x7a, 0x80, 0x18, 0x00, 0x00,
0x00, 0x00, 0x00, 0x00, 0x00, 0x00, 0x00, 0x00, 0x00, 0x00, 0x00, 0x00, 0x00, 0x00, 0x60, 0xfd,
0x60, 0xfd, 0x60, 0xfd, 0x60, 0xfd, 0x60, 0xfd, 0x60, 0xfd, 0x60, 0xfd, 0x60, 0xfd, 0x60, 0xfd,
0x60, 0xfd, 0x60, 0xfd, 0x60, 0xfd, 0x60, 0xfd, 0x60, 0xfd, 0x00, 0x00, 0x00, 0x00, 0x00, 0x00,
0x60, 0xfd, 0x60, 0xfd, 0x60, 0xfd, 0x60, 0xfd, 0x60, 0xfd, 0x60, 0xfd, 0x60, 0xfd, 0x60, 0xfd,
0x60, 0xfd, 0x60, 0xfd, 0x60, 0xfd, 0x60, 0xfd, 0x60, 0xfd, 0x60, 0xfd, 0x60, 0xfd, 0x60, 0xfd,
0x60, 0xfd, 0x00, 0x00, 0x00, 0x00, 0x00, 0x00, 0x00, 0x00, 0x00, 0x00, 0x00, 0x00, 0x00, 0x00,
0x00, 0x00, 0x00, 0x00, 0x40, 0x39, 0x20, 0x93, 0xc0, 0xe4, 0x60, 0xfd, 0x60, 0xfd, 0x60, 0xfd,
0x60, 0xfd, 0x60, 0xfd, 0x60, 0xfd, 0x60, 0xfd, 0x60, 0xfd, 0x60, 0xfd, 0x60, 0xfd, 0x00, 0x00,
0x00, 0x00, 0x00, 0x00, 0x00, 0x00, 0x60, 0xfd, 0x60, 0xfd, 0x60, 0xfd, 0x60, 0xfd, 0x60, 0xfd,
0x60, 0xfd, 0x60, 0xfd, 0x60, 0xfd, 0x60, 0xfd, 0x60, 0xfd, 0x60, 0xfd, 0x00, 0xed, 0x80, 0xa3,
0xc0, 0x51, 0x00, 0x00, 0x00, 0x00, 0x00, 0x00, 0x00, 0x00, 0x00, 0x00, 0x00, 0x00, 0x00, 0x00,
0x00, 0x00, 0x00, 0x00, 0x00, 0x00, 0x60, 0xfd, 0x60, 0xfd, 0x60, 0xfd, 0x60, 0xfd, 0x60, 0xfd,
0x60, 0xfd, 0x60, 0xfd, 0x60, 0xfd, 0x60, 0xfd, 0x60, 0xfd, 0x60, 0xfd, 0x60, 0xfd, 0x60, 0xfd,
0x60, 0xfd, 0x60, 0xfd, 0x00, 0x00, 0x00, 0x00, 0x00, 0x00, 0x60, 0xfd, 0x60, 0xfd, 0x60, 0xfd,
0x60, 0xfd, 0x60, 0xfd, 0x60, 0xfd, 0x60, 0xfd, 0x60, 0xfd, 0x60, 0xfd, 0x60, 0xfd, 0x60, 0xfd,
0x60, 0xfd, 0x60, 0xfd, 0x60, 0xfd, 0x60, 0xfd, 0x60, 0xfd, 0x60, 0xfd, 0x60, 0xfd, 0x00, 0x00,
0x00, 0x00, 0x00, 0x00, 0x00, 0x00, 0x00, 0x00, 0x00, 0x00, 0x00, 0x00, 0x00, 0x00, 0x00, 0x00,
0x00, 0x00, 0x00, 0x00, 0x20, 0x31, 0xc0, 0x7a, 0xe0, 0xb3, 0x00, 0xed, 0x60, 0xfd, 0x60, 0xfd,
0x60, 0xfd, 0x60, 0xfd, 0x60, 0xfd, 0x60, 0xfd, 0x00, 0x00, 0x00, 0x00, 0x00, 0x00, 0x00, 0x00,
0x60, 0xfd, 0x60, 0xfd, 0x60, 0xfd, 0x60, 0xfd, 0x60, 0xfd, 0x60, 0xfd, 0x60, 0xfd, 0x40, 0xf5,
0x20, 0xc4, 0x00, 0x8b, 0x80, 0x41, 0x20, 0x00, 0x00, 0x00, 0x00, 0x00, 0x00, 0x00, 0x00, 0x00,
0x00, 0x00, 0x00, 0x00, 0x00, 0x00, 0x00, 0x00, 0x00, 0x00, 0x00, 0x00, 0x60, 0xfd, 0x60, 0xfd,
0x60, 0xfd, 0x60, 0xfd, 0x60, 0xfd, 0x60, 0xfd, 0x60, 0xfd, 0x60, 0xfd, 0x60, 0xfd, 0x60, 0xfd,
0x60, 0xfd, 0x60, 0xfd, 0x60, 0xfd, 0x60, 0xfd, 0x60, 0xfd, 0x60, 0xfd, 0x60, 0xfd, 0x00, 0x00,
0x00, 0x00, 0x00, 0x00, 0x60, 0xfd, 0x60, 0xfd, 0x60, 0xfd, 0x60, 0xfd, 0x60, 0xfd, 0x60, 0xfd,
0x60, 0xfd, 0x60, 0xfd, 0x60, 0xfd, 0x60, 0xfd, 0x60, 0xfd, 0x60, 0xfd, 0x60, 0xfd, 0x60, 0xfd,
0x60, 0xfd, 0x60, 0xfd, 0x60, 0xfd, 0x60, 0xfd, 0x60, 0xfd, 0x60, 0xfd, 0x00, 0x00, 0x00, 0x00,
0x00, 0x00, 0x00, 0x00, 0x00, 0x00, 0x00, 0x00, 0x00, 0x00, 0x00, 0x00, 0x00, 0x00, 0x00, 0x00,
0x00, 0x00, 0x00, 0x00, 0x00, 0x00, 0xe0, 0x28, 0xe0, 0x59, 0xc0, 0x82, 0x60, 0x9b, 0x00, 0xbc,
0x40, 0xcc, 0x00, 0x00, 0x00, 0x00, 0x00, 0x00, 0x00, 0x00, 0xa0, 0xd4, 0x60, 0xcc, 0x00, 0xbc,
0x80, 0xa3, 0xe0, 0x82, 0x00, 0x62, 0x20, 0x31, 0x20, 0x00, 0x00, 0x00, 0x00, 0x00, 0x00, 0x00,
0x00, 0x00, 0x00, 0x00, 0x00, 0x00, 0x00, 0x00, 0x00, 0x00, 0x00, 0x00, 0x00, 0x00, 0x00, 0x00,
0x00, 0x00, 0x60, 0xfd, 0x60, 0xfd, 0x60, 0xfd, 0x60, 0xfd, 0x60, 0xfd, 0x60, 0xfd, 0x60, 0xfd,
0x60, 0xfd, 0x60, 0xfd, 0x60, 0xfd, 0x60, 0xfd, 0x60, 0xfd, 0x60, 0xfd, 0x60, 0xfd, 0x60, 0xfd,
0x60, 0xfd, 0x60, 0xfd, 0x60, 0xfd, 0x60, 0xfd, 0x00, 0x00, 0x00, 0x00, 0x00, 0x00, 0x00, 0x00,
0x00, 0x00, 0x00, 0x00, 0x00, 0x00, 0x00, 0x00, 0x00, 0x00, 0x00, 0x00, 0x00, 0x00, 0x00, 0x00,
0x00, 0x00, 0x00, 0x00, 0x00, 0x00, 0x00, 0x00, 0x00, 0x00, 0x00, 0x00, 0x00, 0x00, 0x00, 0x00,
0x00, 0x00, 0x00, 0x00, 0x00, 0x00, 0x00, 0x00, 0x00, 0x00, 0x00, 0x00, 0x00, 0x00, 0x00, 0x00,
0x00, 0x00, 0x00, 0x00, 0x00, 0x00, 0x00, 0x00, 0x00, 0x00, 0x00, 0x00, 0x00, 0x00, 0x00, 0x00,
0x00, 0x00, 0x00, 0x00, 0x00, 0x00, 0x00, 0x00, 0x00, 0x00, 0x00, 0x00, 0x00, 0x00, 0x00, 0x00,
0x00, 0x00, 0x00, 0x00, 0x00, 0x00, 0x00, 0x00, 0x00, 0x00, 0x00, 0x00, 0x00, 0x00, 0x00, 0x00,
0x00, 0x00, 0x00, 0x00, 0x00, 0x00, 0x00, 0x00, 0x00, 0x00, 0x00, 0x00, 0x00, 0x00, 0x00, 0x00,
0x00, 0x00, 0x00, 0x00, 0x00, 0x00, 0x00, 0x00, 0x00, 0x00, 0x00, 0x00, 0x00, 0x00, 0x00, 0x00,
0x00, 0x00, 0x00, 0x00, 0x00, 0x00, 0x00, 0x00, 0x00, 0x00, 0x00, 0x00, 0x00, 0x00, 0x00, 0x00,
0x00, 0x00, 0x00, 0x00, 0x00, 0x00, 0x00, 0x00, 0x00, 0x00, 0x00, 0x00, 0x00, 0x00, 0x00, 0x00,
0x00, 0x00, 0x00, 0x00, 0x00, 0x00, 0x00, 0x00, 0x00, 0x00, 0x00, 0x00, 0x00, 0x00, 0x00, 0x00,
0x00, 0x00, 0x00, 0x00, 0x00, 0x00, 0x00, 0x00, 0x00, 0x00, 0x00, 0x00, 0x00, 0x00, 0x00, 0x00,
0x00, 0x00, 0x00, 0x00, 0x00, 0x00, 0x00, 0x00, 0x00, 0x00, 0x00, 0x00, 0x00, 0x00, 0x00, 0x00,
0x00, 0x00, 0x00, 0x00, 0x00, 0x00, 0x00, 0x00, 0x00, 0x00, 0x00, 0x00, 0x00, 0x00, 0x00, 0x00,
0x00, 0x00, 0x00, 0x00, 0x00, 0x00, 0x00, 0x00, 0x00, 0x00, 0x00, 0x00, 0x00, 0x00, 0x00, 0x00,
0x00, 0x00, 0x00, 0x00, 0x00, 0x00, 0x00, 0x00, 0x00, 0x00, 0x00, 0x00, 0x00, 0x00, 0x00, 0x00,
0x00, 0x00, 0x00, 0x00, 0x00, 0x00, 0x00, 0x00, 0x00, 0x00, 0x00, 0x00, 0x00, 0x00, 0x00, 0x00,
0x00, 0x00, 0x00, 0x00, 0x00, 0x00, 0x00, 0x00, 0x00, 0x00, 0x00, 0x00, 0x00, 0x00, 0x00, 0x00,
0x00, 0x00, 0x00, 0x00, 0x00, 0x00, 0x00, 0x00, 0x00, 0x00, 0x00, 0x00, 0x00, 0x00, 0x00, 0x00,
0x00, 0x00, 0x00, 0x00, 0x00, 0x00, 0x00, 0x00, 0x00, 0x00, 0x00, 0x00, 0x00, 0x00, 0x00, 0x00,
0x00, 0x00, 0x00, 0x00, 0x00, 0x00, 0x00, 0x00, 0x00, 0x00, 0x00, 0x00, 0x00, 0x00, 0x00, 0x00,
0x00, 0x00, 0x00, 0x00, 0x00, 0x00, 0x00, 0x00, 0x00, 0x00, 0x00, 0x00, 0x00, 0x00, 0x00, 0x00,
0x00, 0x00, 0x00, 0x00, 0x00, 0x00, 0x00, 0x00, 0x00, 0x00, 0x00, 0x00, 0x00, 0x00, 0x00, 0x00,
0x00, 0x00, 0x00, 0x00, 0x00, 0x00, 0x00, 0x00, 0x00, 0x00, 0x00, 0x00, 0x00, 0x00, 0x00, 0x00,
0x00, 0x00, 0x00, 0x00, 0x00, 0x00, 0x00, 0x00, 0x00, 0x00, 0x00, 0x00, 0x00, 0x00, 0x00, 0x00,
0x00, 0x00, 0x00, 0x00, 0x00, 0x00, 0x00, 0x00, 0x00, 0x00, 0x00, 0x00, 0x00, 0x00, 0x00, 0x00,
0x00, 0x00, 0x00, 0x00, 0x00, 0x00, 0x00, 0x00, 0x00, 0x00, 0x00, 0x00, 0x00, 0x00, 0x00, 0x00,
0x00, 0x00, 0x00, 0x00, 0x00, 0x00, 0x00, 0x00, 0x00, 0x00, 0x00, 0x00, 0x00, 0x00, 0x00, 0x00,
0x00, 0x00, 0x00, 0x00, 0x00, 0x00, 0x00, 0x00, 0x00, 0x00, 0x00, 0x00, 0x00, 0x00, 0x00, 0x00,
0x00, 0x00, 0x00, 0x00, 0x00, 0x00, 0x00, 0x00, 0x00, 0x00, 0x00, 0x00, 0x00, 0x00, 0x00, 0x00,
0x00, 0x00, 0x00, 0x00, 0x00, 0x00, 0x00, 0x00, 0x00, 0x00, 0x00, 0x00, 0x00, 0x00, 0x00, 0x00,
0x00, 0x00, 0x00, 0x00, 0x00, 0x00, 0x00, 0x00, 0x00, 0x00, 0x00, 0x00, 0x00, 0x00, 0x00, 0x00,
0x00, 0x00, 0x00, 0x00, 0x00, 0x00, 0x00, 0x00, 0x00, 0x00, 0x00, 0x00, 0x00, 0x00, 0x00, 0x00,
0x00, 0x00, 0x00, 0x00, 0x00, 0x00, 0x00, 0x00, 0x00, 0x00, 0x00, 0x00, 0x00, 0x00, 0x00, 0x00,
0x00, 0x00, 0x00, 0x00, 0x00, 0x00, 0x00, 0x00, 0x00, 0x00, 0x00, 0x00, 0x00, 0x00, 0x00, 0x00,
0x00, 0x00, 0x00, 0x00, 0x00, 0x00, 0x00, 0x00, 0x00, 0x00, 0x00, 0x00, 0x00, 0x00, 0x00, 0x00,
0x00, 0x00, 0x00, 0x00, 0x00, 0x00, 0x00, 0x00, 0x00, 0x00, 0x00, 0x00, 0x00, 0x00, 0x00, 0x00,
0x00, 0x00, 0x00, 0x00, 0x00, 0x00, 0x00, 0x00, 0x00, 0x00, 0x00, 0x00, 0x00, 0x00, 0x00, 0x00,
0x00, 0x00, 0x00, 0x00, 0x00, 0x00, 0x00, 0x00, 0x00, 0x00, 0x00, 0x00, 0x00, 0x00, 0x00, 0x00,
0x00, 0x00, 0x00, 0x00, 0x00, 0x00, 0x00, 0x00, 0x00, 0x00, 0x00, 0x00, 0x00, 0x00, 0x00, 0x00,
0x00, 0x00, 0x00, 0x00, 0x00, 0x00, 0x00, 0x00, 0x00, 0x00, 0x00, 0x00, 0x00, 0x00, 0x00, 0x00,
0x00, 0x00, 0x00, 0x00, 0x00, 0x00, 0x00, 0x00, 0x00, 0x00, 0x00, 0x00, 0x00, 0x00, 0x00, 0x00,
0x00, 0x00, 0x00, 0x00, 0x00, 0x00, 0x00, 0x00, 0x00, 0x00, 0x00, 0x00, 0x00, 0x00, 0x00, 0x00,
0x00, 0x00, 0x00, 0x00, 0x00, 0x00, 0x00, 0x00, 0x00, 0x00, 0x00, 0x00, 0x00, 0x00, 0x00, 0x00,
0x00, 0x00, 0x00, 0x00, 0x00, 0x00, 0x00, 0x00, 0x00, 0x00, 0x00, 0x00, 0x00, 0x0f, 0x0f, 0x0f,
0x03, 0x00, 0x00, 0x00, 0x00, 0x00, 0x00, 0x00, 0x00, 0x00, 0x00, 0x00, 0x00, 0x00, 0x00, 0x00,
0x00, 0x00, 0x00, 0x00, 0x00, 0x00, 0x00, 0x00, 0x00, 0x00, 0x00, 0x00, 0x00, 0x00, 0x00, 0x00,
0x00, 0x00, 0x00, 0x00, 0x00, 0x00, 0x00, 0x00, 0x00, 0x00, 0x00, 0x00, 0x00, 0x00, 0x00, 0x00,
0x00, 0x00, 0x00, 0x00, 0x00, 0x00, 0x00, 0x00, 0x00, 0x00, 0x00, 0x00, 0x00, 0x00, 0x00, 0x00,
0x00, 0x00, 0x00, 0x00, 0x00, 0x00, 0x00, 0x00, 0x00, 0x05, 0x32, 0x60, 0x88, 0xab, 0xc8, 0xe1,
0xf4, 0xff, 0xff, 0xff, 0xff, 0xff, 0xf7, 0xe6, 0xcb, 0xa9, 0x87, 0x66, 0x3a, 0x08, 0x00, 0x00,
0x00, 0x00, 0x00, 0x00, 0x00, 0x00, 0x00, 0x00, 0x00, 0x00, 0x00, 0x00, 0x00, 0x00, 0x00, 0x00,
0x00, 0x00, 0x00, 0x00, 0x00, 0x00, 0x00, 0x00, 0x00, 0x00, 0x00, 0x00, 0x00, 0x00, 0x00, 0x00,
0x00, 0x00, 0x00, 0x00, 0x00, 0x00, 0x00, 0x00, 0x00, 0x00, 0x00, 0x00, 0x00, 0x00, 0x00, 0x00,
0x00, 0x00, 0x00, 0x00, 0x00, 0x00, 0x00, 0x00, 0x00, 0x00, 0x02, 0x39, 0x83, 0xc3, 0xf8, 0xff,
0xff, 0xff, 0xff, 0xff, 0xff, 0xff, 0xff, 0xff, 0xff, 0xff, 0xff, 0xff, 0xff, 0xff, 0xff, 0xff,
0xff, 0xff, 0xf9, 0xc6, 0x8d, 0x4b, 0x09, 0x00, 0x00, 0x00, 0x00, 0x00, 0x00, 0x00, 0x00, 0x00,
0x00, 0x00, 0x00, 0x00, 0x00, 0x00, 0x00, 0x00, 0x00, 0x00, 0x00, 0x00, 0x00, 0x00, 0x00, 0x00,
0x00, 0x00, 0x00, 0x00, 0x00, 0x00, 0x00, 0x00, 0x00, 0x00, 0x00, 0x00, 0x00, 0x00, 0x00, 0x00,
0x00, 0x00, 0x00, 0x00, 0x00, 0x00, 0x00, 0x00, 0x00, 0x00, 0x00, 0x00, 0x02, 0x45, 0x96, 0xe6,
0xff, 0xff, 0xff, 0xff, 0xff, 0xff, 0xff, 0xff, 0xff, 0xff, 0xff, 0xff, 0xff, 0xff, 0xff, 0xff,
0xff, 0xff, 0xff, 0xff, 0xff, 0xff, 0xff, 0xff, 0xff, 0xff, 0xff, 0xf6, 0xb0, 0x59, 0x09, 0x00,
0x00, 0x00, 0x00, 0x00, 0x00, 0x00, 0x00, 0x00, 0x00, 0x00, 0x00, 0x00, 0x00, 0x00, 0x00, 0x00,
0x00, 0x00, 0x00, 0x00, 0x00, 0x00, 0x00, 0x00, 0x00, 0x00, 0x00, 0x00, 0x00, 0x00, 0x00, 0x00,
0x00, 0x00, 0x00, 0x00, 0x00, 0x00, 0x00, 0x00, 0x00, 0x00, 0x00, 0x00, 0x00, 0x00, 0x00, 0x14,
0x74, 0xdd, 0xff, 0xff, 0xff, 0xff, 0xff, 0xff, 0xff, 0xff, 0xff, 0xff, 0xff, 0xff, 0xff, 0xff,
0xff, 0xff, 0xff, 0xff, 0xff, 0xff, 0xff, 0xff, 0xff, 0xff, 0xff, 0xff, 0xff, 0xff, 0xff, 0xff,
0xff, 0xff, 0xff, 0xed, 0x8b, 0x23, 0x00, 0x00, 0x00, 0x00, 0x00, 0x00, 0x00, 0x00, 0x00, 0x00,
0x00, 0x00, 0x00, 0x00, 0x00, 0x00, 0x00, 0x00, 0x00, 0x00, 0x00, 0x00, 0x00, 0x00, 0x00, 0x00,
0x00, 0x00, 0x00, 0x00, 0x00, 0x00, 0x00, 0x00, 0x00, 0x00, 0x00, 0x00, 0x00, 0x00, 0x00, 0x00,
0x00, 0x00, 0x1d, 0x98, 0xf6, 0xff, 0xff, 0xff, 0xff, 0xff, 0xff, 0xff, 0xff, 0xff, 0xff, 0xff,
0xff, 0xff, 0xff, 0xff, 0xff, 0xff, 0xff, 0xff, 0xff, 0xff, 0xff, 0xff, 0xff, 0xff, 0xff, 0xff,
0xff, 0xff, 0xff, 0xff, 0xff, 0xff, 0xff, 0xff, 0xff, 0xff, 0xfd, 0xb2, 0x34, 0x00, 0x00, 0x00,
0x00, 0x00, 0x00, 0x00, 0x00, 0x00, 0x00, 0x00, 0x00, 0x00, 0x00, 0x00, 0x00, 0x00, 0x00, 0x00,
0x00, 0x00, 0x00, 0x00, 0x00, 0x00, 0x00, 0x00, 0x00, 0x00, 0x00, 0x00, 0x00, 0x00, 0x00, 0x00,
0x00, 0x00, 0x00, 0x00, 0x00, 0x14, 0x8d, 0xf7, 0xff, 0xff, 0xff, 0xff, 0xff, 0xff, 0xff, 0xff,
0xff, 0xff, 0xff, 0xff, 0xff, 0xff, 0xff, 0xff, 0xff, 0xff, 0xff, 0xff, 0xff, 0xff, 0xff, 0xff,
0xff, 0xff, 0xff, 0xff, 0xff, 0xff, 0xff, 0xff, 0xff, 0xff, 0xff, 0xff, 0xff, 0xff, 0xff, 0xff,
0xff, 0xfe, 0xab, 0x28, 0x00, 0x00, 0x00, 0x00, 0x00, 0x00, 0x00, 0x00, 0x00, 0x00, 0x00, 0x00,
0x00, 0x00, 0x00, 0x00, 0x00, 0x00, 0x00, 0x00, 0x00, 0x00, 0x00, 0x00, 0x00, 0x00, 0x00, 0x00,
0x00, 0x00, 0x00, 0x00, 0x00, 0x00, 0x00, 0x00, 0x02, 0x6c, 0xf1, 0xff, 0xff, 0xff, 0xff, 0xff,
0xff, 0xff, 0xff, 0xff, 0xff, 0xff, 0xff, 0xff, 0xff, 0xff, 0xff, 0xff, 0xff, 0xff, 0xff, 0xff,
0xff, 0xff, 0xff, 0xff, 0xff, 0xff, 0xff, 0xff, 0xff, 0xff, 0xff, 0xff, 0xff, 0xff, 0xff, 0xff,
0xff, 0xff, 0xff, 0xff, 0xff, 0xff, 0xff, 0xff, 0xfb, 0x8f, 0x0b, 0x00, 0x00, 0x00, 0x00, 0x00,
0x00, 0x00, 0x00, 0x00, 0x00, 0x00, 0x00, 0x00, 0x00, 0x00, 0x00, 0x00, 0x00, 0x00, 0x00, 0x00,
0x00, 0x00, 0x00, 0x00, 0x00, 0x00, 0x00, 0x00, 0x00, 0x00, 0x00, 0x00, 0x28, 0xc3, 0xff, 0xff,
0xff, 0xff, 0xff, 0xff, 0xff, 0xff, 0xff, 0xff, 0xff, 0xff, 0xff, 0xff, 0xff, 0xff, 0xff, 0xff,
0xff, 0xff, 0xff, 0xff, 0xff, 0xff, 0xff, 0xff, 0xff, 0xff, 0xff, 0xff, 0xff, 0xff, 0xff, 0xff,
0xff, 0xff, 0xff, 0xff, 0xff, 0xff, 0xff, 0xff, 0xff, 0xff, 0xff, 0xff, 0xff, 0xff, 0xff, 0xdd,
0x43, 0x00, 0x00, 0x00, 0x00, 0x00, 0x00, 0x00, 0x00, 0x00, 0x00, 0x00, 0x00, 0x00, 0x00, 0x00,
0x00, 0x00, 0x00, 0x00, 0x00, 0x00, 0x00, 0x00, 0x00, 0x00, 0x00, 0x00, 0x00, 0x00, 0x00, 0x01,
0x6e, 0xf7, 0xff, 0xff, 0xff, 0xff, 0xff, 0xff, 0xff, 0xff, 0xff, 0xff, 0xff, 0xff, 0xff, 0xff,
0xff, 0xff, 0xff, 0xff, 0xff, 0xff, 0xff, 0xff, 0xff, 0xff, 0xff, 0xff, 0xff, 0xff, 0xff, 0xff,
0xff, 0xff, 0xff, 0xff, 0xff, 0xff, 0xff, 0xff, 0xff, 0xff, 0xff, 0xff, 0xff, 0xff, 0xff, 0xff,
0xff, 0xff, 0xff, 0xff, 0xff, 0xfe, 0x96, 0x08, 0x00, 0x00, 0x00, 0x00, 0x00, 0x00, 0x00, 0x00,
0x00, 0x00, 0x00, 0x00, 0x00, 0x00, 0x00, 0x00, 0x00, 0x00, 0x00, 0x00, 0x00, 0x00, 0x00, 0x00,
0x00, 0x00, 0x00, 0x0b, 0xac, 0xff, 0xff, 0xff, 0xff, 0xff, 0xff, 0xff, 0xff, 0xff, 0xff, 0xff,
0xff, 0xff, 0xff, 0xff, 0xff, 0xff, 0xff, 0xff, 0xff, 0xff, 0xff, 0xff, 0xff, 0xff, 0xff, 0xff,
0xff, 0xff, 0xff, 0xff, 0xff, 0xff, 0xff, 0xff, 0xff, 0xff, 0xff, 0xff, 0xff, 0xff, 0xff, 0xff,
0xff, 0xff, 0xff, 0xff, 0xff, 0xff, 0xff, 0xff, 0xff, 0xff, 0xff, 0xff, 0xce, 0x1f, 0x00, 0x00,
0x00, 0x00, 0x00, 0x00, 0x00, 0x00, 0x00, 0x00, 0x00, 0x00, 0x00, 0x00, 0x00, 0x00, 0x00, 0x00,
0x00, 0x00, 0x00, 0x00, 0x00, 0x00, 0x00, 0x1c, 0xd2, 0xff, 0xff, 0xff, 0xff, 0xff, 0xff, 0xff,
0xff, 0xff, 0xff, 0xff, 0xff, 0xff, 0xff, 0xff, 0xff, 0xff, 0xff, 0xff, 0xff, 0xff, 0xff, 0xff,
0xff, 0xff, 0xff, 0xff, 0xff, 0xff, 0xff, 0xff, 0xff, 0xff, 0xff, 0xff, 0xff, 0xff, 0xff, 0xff,
0xff, 0xff, 0xff, 0xff, 0xff, 0xff, 0xff, 0xff, 0xff, 0xff, 0xff, 0xff, 0xff, 0xff, 0xff, 0xff,
0xff, 0xff, 0xea, 0x37, 0x00, 0x00, 0x00, 0x00, 0x00, 0x00, 0x00, 0x00, 0x00, 0x00, 0x00, 0x00,
0x00, 0x00, 0x00, 0x00, 0x00, 0x00, 0x00, 0x00, 0x00, 0x00, 0x00, 0x23, 0xdf, 0xff, 0xff, 0xff,
0xff, 0xff, 0xff, 0xff, 0xff, 0xff, 0xff, 0xff, 0xff, 0xff, 0xff, 0xff, 0xff, 0xff, 0xff, 0xff,
0xff, 0xff, 0xff, 0xff, 0xff, 0xff, 0xff, 0xff, 0xff, 0xff, 0xff, 0xff, 0xff, 0xff, 0xff, 0xff,
0xff, 0xff, 0xff, 0xff, 0xff, 0xff, 0xff, 0xff, 0xff, 0xff, 0xff, 0xff, 0xff, 0xff, 0xff, 0xff,
0xff, 0xff, 0xff, 0xff, 0xff, 0xff, 0xff, 0xff, 0xf5, 0x42, 0x00, 0x00, 0x00, 0x00, 0x00, 0x00,
0x00, 0x00, 0x00, 0x00, 0x00, 0x00, 0x00, 0x00, 0x00, 0x00, 0x00, 0x00, 0x00, 0x00, 0x00, 0x28,
0xe3, 0xff, 0xff, 0xff, 0xff, 0xff, 0xff, 0xff, 0xff, 0xff, 0xff, 0xff, 0xff, 0xff, 0xff, 0xff,
0xff, 0xff, 0xff, 0xff, 0xff, 0xff, 0xff, 0xff, 0xff, 0xff, 0xff, 0xff, 0xff, 0xff, 0xff, 0xff,
0xff, 0xff, 0xff, 0xff, 0xff, 0xff, 0xff, 0xff, 0xff, 0xff, 0xff, 0xff, 0xff, 0xff, 0xff, 0xff,
0xff, 0xff, 0xff, 0xff, 0xff, 0xff, 0xff, 0xff, 0xff, 0xff, 0xff, 0xff, 0xff, 0xff, 0xf6, 0x4b,
0x00, 0x00, 0x00, 0x00, 0x00, 0x00, 0x00, 0x00, 0x00, 0x00, 0x00, 0x00, 0x00, 0x00, 0x00, 0x00,
0x00, 0x00, 0x00, 0x21, 0xe8, 0xff, 0xff, 0xff, 0xff, 0xff, 0xff, 0xff, 0xff, 0xff, 0xff, 0xff,
0xff, 0xff, 0xff, 0xff, 0xff, 0xff, 0xff, 0xff, 0xff, 0xff, 0xff, 0xff, 0xff, 0xff, 0xff, 0xff,
0xff, 0xff, 0xff, 0xff, 0xff, 0xff, 0xff, 0xff, 0xff, 0xff, 0xff, 0xff, 0xff, 0xff, 0xff, 0xff,
0xff, 0xff, 0xff, 0xff, 0xff, 0xff, 0xff, 0xff, 0xff, 0xff, 0xff, 0xff, 0xff, 0xff, 0xff, 0xff,
0xff, 0xff, 0xff, 0xff, 0xf9, 0x46, 0x00, 0x00, 0x00, 0x00, 0x00, 0x00, 0x00, 0x00, 0x00, 0x00,
0x00, 0x00, 0x00, 0x00, 0x00, 0x00, 0x00, 0x11, 0xd7, 0xff, 0xff, 0xff, 0xff, 0xff, 0xff, 0xff,
0xff, 0xff, 0xff, 0xff, 0xff, 0xff, 0xff, 0xff, 0xff, 0xff, 0xff, 0xff, 0xff, 0xff, 0xff, 0xff,
0xff, 0xff, 0xff, 0xff, 0xff, 0xff, 0xff, 0xff, 0xff, 0xff, 0xff, 0xff, 0xff, 0xff, 0xff, 0xff,
0xff, 0xff, 0xff, 0xff, 0xff, 0xff, 0xff, 0xff, 0xff, 0xff, 0xff, 0xff, 0xff, 0xff, 0xff, 0xff,
0xff, 0xff, 0xff, 0xff, 0xff, 0xff, 0xff, 0xff, 0xff, 0xff, 0xf0, 0x2c, 0x00, 0x00, 0x00, 0x00,
0x00, 0x00, 0x00, 0x00, 0x00, 0x00, 0x00, 0x00, 0x00, 0x00, 0x00, 0x06, 0xbd, 0xff, 0xff, 0xff,
0xff, 0xff, 0xff, 0xff, 0xff, 0xff, 0xff, 0xff, 0xff, 0xff, 0xff, 0xff, 0xff, 0xff, 0xff, 0xff,
0xff, 0xff, 0xff, 0xff, 0xff, 0xff, 0xff, 0xff, 0xff, 0xff, 0xff, 0xff, 0xff, 0xff, 0xff, 0xff,
0xff, 0xff, 0xff, 0xff, 0xff, 0xff, 0xff, 0xff, 0xff, 0xff, 0xff, 0xff, 0xff, 0xff, 0xff, 0xff,
0xff, 0xff, 0xff, 0xff, 0xff, 0xff, 0xff, 0xff, 0xff, 0xff, 0xff, 0xff, 0xff, 0xff, 0xff, 0xff,
0xe1, 0x18, 0x00, 0x00, 0x00, 0x00, 0x00, 0x00, 0x00, 0x00, 0x00, 0x00, 0x00, 0x00, 0x00, 0x00,
0x92, 0xff, 0xff, 0xff, 0xff, 0xff, 0xff, 0xff, 0xff, 0xff, 0xff, 0xff, 0xff, 0xff, 0xff, 0xff,
0xff, 0xff, 0xff, 0xff, 0xff, 0xff, 0xff, 0xff, 0xff, 0xff, 0xff, 0xff, 0xff, 0xff, 0xff, 0xff,
0xff, 0xff, 0xff, 0xff, 0xff, 0xff, 0xff, 0xff, 0xff, 0xff, 0xff, 0xff, 0xff, 0xff, 0xff, 0xff,
0xff, 0xff, 0xff, 0xff, 0xff, 0xff, 0xff, 0xff, 0xff, 0xff, 0xff, 0xff, 0xff, 0xff, 0xff, 0xff,
0xff, 0xff, 0xff, 0xff, 0xff, 0xff, 0xbf, 0x02, 0x00, 0x00, 0x00, 0x00, 0x00, 0x00, 0x00, 0x00,
0x00, 0x00, 0x00, 0x00, 0x4d, 0xfe, 0xff, 0xff, 0xff, 0xff, 0xff, 0xff, 0xff, 0xff, 0xff, 0xff,
0xff, 0xff, 0xff, 0xff, 0xff, 0xff, 0xff, 0xff, 0xff, 0xff, 0xff, 0xff, 0xff, 0xff, 0xff, 0xff,
0xff, 0xff, 0xff, 0xff, 0xff, 0xff, 0xff, 0xff, 0xff, 0xff, 0xff, 0xff, 0xff, 0xff, 0xff, 0xff,
0xff, 0xff, 0xff, 0xff, 0xff, 0xff, 0xff, 0xff, 0xff, 0xff, 0xff, 0xff, 0xff, 0xff, 0xff, 0xff,
0xff, 0xff, 0xff, 0xff, 0xff, 0xff, 0xff, 0xff, 0xff, 0xff, 0xff, 0xff, 0x76, 0x00, 0x00, 0x00,
0x00, 0x00, 0x00, 0x00, 0x00, 0x00, 0x00, 0x00, 0x11, 0xe6, 0xff, 0xff, 0xff, 0xff, 0xff, 0xff,
0xff, 0xff, 0xff, 0xff, 0xff, 0xff, 0xff, 0xff, 0xff, 0xff, 0xff, 0xff, 0xff, 0xff, 0xff, 0xff,
0xff, 0xff, 0xff, 0xff, 0xff, 0xff, 0xff, 0xff, 0xff, 0xff, 0xff, 0xff, 0xff, 0xff, 0xff, 0xff,
0xff, 0xff, 0xff, 0xff, 0xff, 0xff, 0xff, 0xff, 0xff, 0xff, 0xff, 0xff, 0xff, 0xff, 0xff, 0xff,
0xff, 0xff, 0xff, 0xff, 0xff, 0xff, 0xff, 0xff, 0xff, 0xff, 0xff, 0xff, 0xff, 0xff, 0xff, 0xff,
0xff, 0xf8, 0x2f, 0x00, 0x00, 0x00, 0x00, 0x00, 0x00, 0x00, 0x00, 0x00, 0x00, 0x95, 0xff, 0xff,
0xff, 0xff, 0xff, 0xff, 0xff, 0xff, 0xff, 0xff, 0xff, 0xff, 0xff, 0xff, 0xff, 0xff, 0xff, 0xff,
0xff, 0xff, 0xff, 0xff, 0xff, 0xff, 0xff, 0xff, 0xff, 0xff, 0xff, 0xff, 0xff, 0xff, 0xff, 0xff,
0xff, 0xff, 0xff, 0xff, 0xff, 0xff, 0xff, 0xff, 0xff, 0xff, 0xff, 0xff, 0xff, 0xff, 0xff, 0xff,
0xff, 0xff, 0xff, 0xff, 0xff, 0xff, 0xff, 0xff, 0xff, 0xff, 0xff, 0xff, 0xff, 0xff, 0xff, 0xff,
0xff, 0xff, 0xff, 0xff, 0xff, 0xff, 0xff, 0xc7, 0x01, 0x00, 0x00, 0x00, 0x00, 0x00, 0x00, 0x00,
0x00, 0x28, 0xfb, 0xff, 0xff, 0xff, 0xff, 0xff, 0xff, 0xff, 0xff, 0xff, 0xff, 0xff, 0xff, 0xff,
0xff, 0xff, 0xff, 0xff, 0xff, 0xff, 0xff, 0xff, 0xff, 0xff, 0xff, 0xff, 0xff, 0xff, 0xff, 0xff,
0xff, 0xff, 0xff, 0xff, 0xff, 0xff, 0xff, 0xff, 0xff, 0xff, 0xff, 0xff, 0xff, 0xff, 0xff, 0xff,
0xff, 0xff, 0xff, 0xff, 0xff, 0xff, 0xff, 0xff, 0xff, 0xff, 0xff, 0xff, 0xff, 0xff, 0xff, 0xff,
0xff, 0xff, 0xff, 0xff, 0xff, 0xff, 0xff, 0xff, 0xff, 0xff, 0xff, 0xff, 0xff, 0x59, 0x00, 0x00,
0x00, 0x00, 0x00, 0x00, 0x00, 0x00, 0xae, 0xff, 0xff, 0xff, 0xff, 0xff, 0xff, 0xff, 0xff, 0xff,
0xff, 0xff, 0xff, 0xff, 0xff, 0xff, 0xff, 0xff, 0xff, 0xff, 0xff, 0xff, 0xff, 0xff, 0xff, 0xff,
0xff, 0xff, 0xff, 0xff, 0xff, 0xff, 0xff, 0xff, 0xff, 0xff, 0xff, 0xff, 0xff, 0xff, 0xff, 0xff,
0xff, 0xff, 0xff, 0xff, 0xff, 0xff, 0xff, 0xff, 0xff, 0xff, 0xff, 0xff, 0xff, 0xff, 0xff, 0xff,
0xff, 0xff, 0xff, 0xff, 0xff, 0xff, 0xff, 0xff, 0xff, 0xff, 0xff, 0xff, 0xff, 0xff, 0xff, 0xff,
0xff, 0xff, 0xde, 0x06, 0x00, 0x00, 0x00, 0x00, 0x00, 0x00, 0x34, 0xff, 0xff, 0xff, 0xff, 0xff,
0xff, 0xff, 0xff, 0xff, 0xff, 0xff, 0xff, 0xff, 0xff, 0xff, 0xff, 0xff, 0xff, 0xff, 0xff, 0xff,
0xff, 0xff, 0xff, 0xff, 0xff, 0xff, 0xff, 0xff, 0xff, 0xff, 0xff, 0xff, 0xff, 0xff, 0xff, 0xff,
0xff, 0xff, 0xff, 0xff, 0xff, 0xff, 0xff, 0xff, 0xff, 0xff, 0xff, 0xff, 0xff, 0xff, 0xff, 0xff,
0xff, 0xff, 0xff, 0xff, 0xff, 0xff, 0xff, 0xff, 0xff, 0xff, 0xff, 0xff, 0xff, 0xff, 0xff, 0xff,
0xff, 0xff, 0xff, 0xff, 0xff, 0xff, 0xff, 0xff, 0x69, 0x00, 0x00, 0x00, 0x00, 0x00, 0x00, 0xa0,
0xff, 0xff, 0xff, 0xff, 0xff, 0xff, 0xff, 0xff, 0xff, 0xff, 0xff, 0xff, 0xff, 0xff, 0xff, 0xff,
0xff, 0xff, 0xff, 0xff, 0xff, 0xff, 0xff, 0xff, 0xff, 0xff, 0xff, 0xff, 0xff, 0xff, 0xff, 0xff,
0xff, 0xff, 0xff, 0xff, 0xff, 0xff, 0xff, 0xff, 0xff, 0xff, 0xff, 0xff, 0xff, 0xff, 0xff, 0xff,
0xff, 0xff, 0xff, 0xff, 0xff, 0xff, 0xff, 0xff, 0xff, 0xff, 0xff, 0xff, 0xff, 0xff, 0xff, 0xff,
0xff, 0xff, 0xff, 0xff, 0xff, 0xff, 0xff, 0xff, 0xff, 0xff, 0xff, 0xff, 0xff, 0xd5, 0x01, 0x00,
0x00, 0x00, 0x00, 0x14, 0xf8, 0xff, 0xff, 0xff, 0xff, 0xff, 0xff, 0xff, 0xff, 0xff, 0xff, 0xff,
0xff, 0xff, 0xff, 0xff, 0xff, 0xff, 0xff, 0xff, 0xff, 0xff, 0xff, 0xff, 0xff, 0xff, 0xff, 0xff,
0xff, 0xff, 0xff, 0xff, 0xff, 0xff, 0xff, 0xff, 0xff, 0xff, 0xff, 0xff, 0xff, 0xff, 0xff, 0xff,
0xff, 0xff, 0xff, 0xff, 0xff, 0xff, 0xff, 0xff, 0xff, 0xff, 0xff, 0xff, 0xff, 0xff, 0xff, 0xff,
0xff, 0xff, 0xff, 0xff, 0xff, 0xff, 0xff, 0xff, 0xff, 0xff, 0xff, 0xff, 0xff, 0xff, 0xff, 0xff,
0xff, 0xff, 0xff, 0x42, 0x00, 0x00, 0x00, 0x00, 0x75, 0xff, 0xff, 0xff, 0xff, 0xff, 0xff, 0xff,
0xff, 0xff, 0xff, 0xff, 0xff, 0xff, 0xff, 0xff, 0xff, 0xff, 0xff, 0xff, 0xff, 0xff, 0xff, 0xff,
0xff, 0xff, 0xff, 0xff, 0xff, 0xff, 0xff, 0xff, 0xff, 0xff, 0xff, 0xff, 0xff, 0xff, 0xff, 0xff,
0xff, 0xff, 0xff, 0xff, 0xff, 0xff, 0xff, 0xff, 0xff, 0xff, 0xff, 0xff, 0xff, 0xff, 0xff, 0xff,
0xff, 0xff, 0xff, 0xff, 0xff, 0xff, 0xff, 0xff, 0xff, 0xff, 0xff, 0xff, 0xff, 0xff, 0xff, 0xff,
0xff, 0xff, 0xff, 0xff, 0xff, 0xff, 0xff, 0xff, 0xab, 0x00, 0x00, 0x00, 0x00, 0xc7, 0xff, 0xff,
0xff, 0xff, 0xff, 0xff, 0xff, 0xff, 0xff, 0xff, 0xff, 0xff, 0xff, 0xff, 0xff, 0xff, 0xff, 0xff,
0xff, 0xff, 0xff, 0xff, 0xff, 0xff, 0xff, 0xff, 0xff, 0xff, 0xff, 0xff, 0xff, 0xff, 0xff, 0xff,
0xff, 0xff, 0xff, 0xff, 0xff, 0xff, 0xff, 0xff, 0xff, 0xff, 0xff, 0xff, 0xff, 0xff, 0xff, 0xff,
0xff, 0xff, 0xff, 0xff, 0xff, 0xff, 0xff, 0xff, 0xff, 0xff, 0xff, 0xff, 0xff, 0xff, 0xff, 0xff,
0xff, 0xff, 0xff, 0xff, 0xff, 0xff, 0xff, 0xff, 0xff, 0xff, 0xff, 0xff, 0xff, 0xf6, 0x0d, 0x00,
0x00, 0x15, 0xfd, 0xff, 0xff, 0xff, 0xff, 0xff, 0xff, 0xff, 0xff, 0xff, 0xff, 0xff, 0xff, 0xff,
0xff, 0xff, 0xff, 0xff, 0xff, 0xff, 0xff, 0xff, 0xff, 0xff, 0xff, 0xff, 0xff, 0xff, 0xff, 0xff,
0xff, 0xff, 0xff, 0xff, 0xff, 0xff, 0xff, 0xff, 0xff, 0xff, 0xff, 0xff, 0xff, 0xff, 0xff, 0xff,
0xff, 0xff, 0xff, 0xff, 0xff, 0xff, 0xff, 0xff, 0xff, 0xff, 0xff, 0xff, 0xff, 0xff, 0xff, 0xff,
0xff, 0xff, 0xff, 0xff, 0xff, 0xff, 0xff, 0xff, 0xff, 0xff, 0xff, 0xff, 0xff, 0xff, 0xff, 0xff,
0xff, 0xff, 0xff, 0x53, 0x00, 0x00, 0x5f, 0xff, 0xff, 0xff, 0xff, 0xff, 0xff, 0xff, 0xff, 0xff,
0xff, 0xff, 0xff, 0xff, 0xff, 0xff, 0xff, 0xff, 0xff, 0xff, 0xff, 0xff, 0xff, 0xff, 0xff, 0xff,
0xff, 0xff, 0xff, 0xff, 0xff, 0xff, 0xff, 0xff, 0xff, 0xff, 0xff, 0xff, 0xff, 0xff, 0xff, 0xff,
0xff, 0xff, 0xff, 0xff, 0xff, 0xff, 0xff, 0xff, 0xff, 0xff, 0xff, 0xff, 0xff, 0xff, 0xff, 0xff,
0xff, 0xff, 0xff, 0xff, 0xff, 0xff, 0xff, 0xff, 0xff, 0xff, 0xff, 0xff, 0xff, 0xff, 0xff, 0xff,
0xff, 0xff, 0xff, 0xff, 0xff, 0xff, 0xff, 0xff, 0x98, 0x00, 0x00, 0x9c, 0xff, 0xff, 0xff, 0xff,
0xff, 0xff, 0xff, 0xff, 0xff, 0xff, 0xff, 0xff, 0xff, 0xff, 0xff, 0xff, 0xff, 0xff, 0xff, 0xff,
0xff, 0xff, 0xff, 0xff, 0xff, 0xff, 0xff, 0xff, 0xff, 0xff, 0xff, 0xff, 0xff, 0xff, 0xff, 0xff,
0xff, 0xff, 0xff, 0xff, 0xff, 0xff, 0xff, 0xff, 0xff, 0xff, 0xff, 0xff, 0xff, 0xff, 0xff, 0xff,
0xff, 0xff, 0xff, 0xff, 0xff, 0xff, 0xff, 0xff, 0xff, 0xff, 0xff, 0xff, 0xff, 0xff, 0xff, 0xff,
0xff, 0xff, 0xff, 0xff, 0xff, 0xff, 0xff, 0xff, 0xff, 0xff, 0xff, 0xff, 0xff, 0xd2, 0x00, 0x00,
0xca, 0xff, 0xff, 0xff, 0xff, 0xff, 0xff, 0xff, 0xff, 0xff, 0xff, 0xff, 0xff, 0xff, 0xff, 0xff,
0xff, 0xff, 0xff, 0xff, 0xff, 0xff, 0xff, 0xff, 0xff, 0xff, 0xff, 0xff, 0xff, 0xff, 0xff, 0xff,
0xff, 0xff, 0xff, 0xff, 0xff, 0xff, 0xff, 0xff, 0xff, 0xff, 0xff, 0xff, 0xff, 0xff, 0xff, 0xff,
0xff, 0xff, 0xff, 0xff, 0xff, 0xff, 0xff, 0xff, 0xff, 0xff, 0xff, 0xff, 0xff, 0xff, 0xff, 0xff,
0xff, 0xff, 0xff, 0xff, 0xff, 0xff, 0xff, 0xff, 0xff, 0xff, 0xff, 0xff, 0xff, 0xff, 0xff, 0xff,
0xff, 0xff, 0xfa, 0x05, 0x02, 0xf4, 0xff, 0xff, 0xff, 0xff, 0xff, 0xff, 0xff, 0xff, 0xff, 0xff,
0xff, 0xff, 0xff, 0xff, 0xff, 0xff, 0xff, 0xff, 0xff, 0xff, 0xff, 0xff, 0xff, 0xff, 0xff, 0xff,
0xff, 0xff, 0xff, 0xff, 0xff, 0xff, 0xff, 0xff, 0xff, 0xff, 0xff, 0xff, 0xff, 0xff, 0xff, 0xff,
0xff, 0xff, 0xff, 0xff, 0xff, 0xff, 0xff, 0xff, 0xff, 0xff, 0xff, 0xff, 0xff, 0xff, 0xff, 0xff,
0xff, 0xff, 0xff, 0xff, 0xff, 0xff, 0xff, 0xff, 0xff, 0xff, 0xff, 0xff, 0xff, 0xff, 0xff, 0xff,
0xff, 0xff, 0xff, 0xff, 0xff, 0xff, 0xff, 0xff, 0x2e, 0x24, 0xff, 0xff, 0xff, 0xff, 0xff, 0xff,
0xff, 0xff, 0xff, 0xff, 0xff, 0xff, 0xff, 0xff, 0xff, 0xff, 0xff, 0xff, 0xff, 0xff, 0xff, 0xff,
0xff, 0xff, 0xff, 0xff, 0xff, 0xff, 0xff, 0xff, 0xff, 0xff, 0xff, 0xff, 0xff, 0xff, 0xff, 0xff,
0xff, 0xff, 0xff, 0xff, 0xff, 0xff, 0xff, 0xff, 0xff, 0xff, 0xff, 0xff, 0xff, 0xff, 0xff, 0xff,
0xff, 0xff, 0xff, 0xff, 0xff, 0xff, 0xff, 0xff, 0xff, 0xff, 0xff, 0xff, 0xff, 0xff, 0xff, 0xff,
0xff, 0xff, 0xff, 0xff, 0xff, 0xff, 0xff, 0xff, 0xff, 0xff, 0xff, 0xff, 0xff, 0x59, 0x39, 0xff,
0xff, 0xff, 0xff, 0xff, 0xff, 0xff, 0xff, 0xff, 0xff, 0xff, 0xff, 0xff, 0xff, 0xff, 0xff, 0xff,
0xff, 0xff, 0xff, 0xff, 0xff, 0xff, 0xff, 0xff, 0xff, 0xff, 0xff, 0xff, 0xff, 0xff, 0xff, 0xff,
0xff, 0xff, 0xff, 0xff, 0xff, 0xff, 0xff, 0xff, 0xff, 0xff, 0xff, 0xff, 0xff, 0xff, 0xff, 0xff,
0xff, 0xff, 0xff, 0xff, 0xff, 0xff, 0xff, 0xff, 0xff, 0xff, 0xff, 0xff, 0xff, 0xff, 0xff, 0xff,
0xff, 0xff, 0xff, 0xff, 0xff, 0xff, 0xff, 0xff, 0xff, 0xff, 0xff, 0xff, 0xff, 0xff, 0xff, 0xff,
0xff, 0xff, 0x75, 0x47, 0xff, 0xff, 0xff, 0xff, 0xff, 0xff, 0xff, 0xff, 0xff, 0xff, 0xff, 0xff,
0xff, 0xff, 0xff, 0xff, 0xff, 0xff, 0xff, 0xff, 0xff, 0xff, 0xff, 0xff, 0xff, 0xff, 0xff, 0xff,
0xff, 0xff, 0xff, 0xff, 0xff, 0xff, 0xff, 0xff, 0xff, 0xff, 0xff, 0xff, 0xff, 0xff, 0xff, 0xff,
0xff, 0xff, 0xff, 0xff, 0xff, 0xff, 0xff, 0xff, 0xff, 0xff, 0xff, 0xff, 0xff, 0xff, 0xff, 0xff,
0xff, 0xff, 0xff, 0xff, 0xff, 0xff, 0xff, 0xff, 0xff, 0xff, 0xff, 0xff, 0xff, 0xff, 0xff, 0xff,
0xff, 0xff, 0xff, 0xff, 0xff, 0xff, 0xff, 0x88, 0x56, 0xff, 0xff, 0xff, 0xff, 0xff, 0xff, 0xff,
0xff, 0xff, 0xff, 0xff, 0xff, 0xff, 0xff, 0xff, 0xff, 0xff, 0xff, 0xff, 0xff, 0xff, 0xff, 0xff,
0xff, 0xff, 0xff, 0xff, 0xff, 0xff, 0xff, 0xff, 0xff, 0xff, 0xff, 0xff, 0xff, 0xff, 0xff, 0xff,
0xff, 0xff, 0xff, 0xff, 0xff, 0xff, 0xff, 0xff, 0xff, 0xff, 0xff, 0xff, 0xff, 0xff, 0xff, 0xff,
0xff, 0xff, 0xff, 0xff, 0xff, 0xff, 0xff, 0xff, 0xff, 0xff, 0xff, 0xff, 0xff, 0xff, 0xff, 0xff,
0xff, 0xff, 0xff, 0xff, 0xff, 0xff, 0xff, 0xff, 0xff, 0xff, 0xff, 0xff, 0x98, 0x66, 0xff, 0xff,
0xff, 0xff, 0xff, 0xff, 0xff, 0xff, 0xff, 0xff, 0xff, 0xff, 0xff, 0xff, 0xff, 0xff, 0xff, 0xff,
0xff, 0xff, 0xff, 0xff, 0xff, 0xff, 0xff, 0xff, 0xff, 0xff, 0xff, 0xff, 0xff, 0xff, 0xff, 0xff,
0xff, 0xff, 0xff, 0xff, 0xff, 0xff, 0xff, 0xff, 0xff, 0xff, 0xff, 0xff, 0xff, 0xff, 0xff, 0xff,
0xff, 0xff, 0xff, 0xff, 0xff, 0xff, 0xff, 0xff, 0xff, 0xff, 0xff, 0xff, 0xff, 0xff, 0xff, 0xff,
0xff, 0xff, 0xff, 0xff, 0xff, 0xff, 0xff, 0xff, 0xff, 0xff, 0xff, 0xff, 0xff, 0xff, 0xff, 0xff,
0xff, 0x99, 0x5b, 0xff, 0xff, 0xff, 0xff, 0xff, 0xff, 0xff, 0xff, 0xff, 0xff, 0xff, 0xff, 0xff,
0xff, 0xff, 0xff, 0xff, 0xff, 0xff, 0xff, 0xff, 0xff, 0xff, 0xff, 0xff, 0xff, 0xff, 0xff, 0xff,
0xff, 0xff, 0xff, 0xff, 0xff, 0xff, 0xff, 0xff, 0xff, 0xff, 0xff, 0xff, 0xff, 0xff, 0xff, 0xff,
0xff, 0xff, 0xff, 0xff, 0xff, 0xff, 0xff, 0xff, 0xff, 0xff, 0xff, 0xff, 0xff, 0xff, 0xff, 0xff,
0xff, 0xff, 0xff, 0xff, 0xff, 0xff, 0xff, 0xff, 0xff, 0xff, 0xff, 0xff, 0xff, 0xff, 0xff, 0xff,
0xff, 0xff, 0xff, 0xff, 0xff, 0xff, 0x96, 0x51, 0xff, 0xff, 0xff, 0xff, 0xff, 0xff, 0xff, 0xff,
0xff, 0xff, 0xff, 0xff, 0xff, 0xff, 0xff, 0xff, 0xff, 0xff, 0xff, 0xff, 0xff, 0xff, 0xff, 0xff,
0xff, 0xff, 0xff, 0xff, 0xff, 0xff, 0xff, 0xff, 0xff, 0xff, 0xff, 0xff, 0xff, 0xff, 0xff, 0xff,
0xff, 0xff, 0xff, 0xff, 0xff, 0xff, 0xff, 0xff, 0xff, 0xff, 0xff, 0xff, 0xff, 0xff, 0xff, 0xff,
0xff, 0xff, 0xff, 0xff, 0xff, 0xff, 0xff, 0xff, 0xff, 0xff, 0xff, 0xff, 0xff, 0xff, 0xff, 0xff,
0xff, 0xff, 0xff, 0xff, 0xff, 0xff, 0xff, 0xff, 0xff, 0xff, 0xff, 0x86, 0x3c, 0xff, 0xff, 0xff,
0xff, 0xff, 0xff, 0xff, 0xff, 0xff, 0xff, 0xff, 0xff, 0xff, 0xff, 0xff, 0xff, 0xff, 0xff, 0xff,
0xff, 0xff, 0xff, 0xff, 0xff, 0xff, 0xff, 0xff, 0xff, 0xff, 0xff, 0xff, 0xff, 0xff, 0xff, 0xff,
0xff, 0xff, 0xff, 0xff, 0xff, 0xff, 0xff, 0xff, 0xff, 0xff, 0xff, 0xff, 0xff, 0xff, 0xff, 0xff,
0xff, 0xff, 0xff, 0xff, 0xff, 0xff, 0xff, 0xff, 0xff, 0xff, 0xff, 0xff, 0xff, 0xff, 0xff, 0xff,
0xff, 0xff, 0xff, 0xff, 0xff, 0xff, 0xff, 0xff, 0xff, 0xff, 0xff, 0xff, 0xff, 0xff, 0xff, 0xff,
0x71, 0x21, 0xff, 0xff, 0xff, 0xff, 0xff, 0xff, 0xff, 0xff, 0xff, 0xff, 0xff, 0xff, 0xff, 0xff,
0xff, 0xff, 0xff, 0xff, 0xff, 0xff, 0xff, 0xff, 0xff, 0xff, 0xff, 0xff, 0xff, 0xff, 0xff, 0xff,
0xff, 0xff, 0xff, 0xff, 0xff, 0xff, 0xff, 0xff, 0xff, 0xff, 0xff, 0xff, 0xff, 0xff, 0xff, 0xff,
0xff, 0xff, 0xff, 0xff, 0xff, 0xff, 0xff, 0xff, 0xff, 0xff, 0xff, 0xff, 0xff, 0xff, 0xff, 0xff,
0xff, 0xff, 0xff, 0xff, 0xff, 0xff, 0xff, 0xff, 0xff, 0xff, 0xff, 0xff, 0xff, 0xff, 0xff, 0xff,
0xff, 0xff, 0xff, 0xff, 0xff, 0x56, 0x03, 0xf8, 0xff, 0xff, 0xff, 0xff, 0xff, 0xff, 0xff, 0xff,
0xff, 0xff, 0xff, 0xff, 0xff, 0xff, 0xff, 0xff, 0xff, 0xff, 0xff, 0xff, 0xff, 0xff, 0xff, 0xff,
0xff, 0xff, 0xff, 0xff, 0xff, 0xff, 0xff, 0xff, 0xff, 0xff, 0xff, 0xff, 0xff, 0xff, 0xff, 0xff,
0xff, 0xff, 0xff, 0xff, 0xff, 0xff, 0xff, 0xff, 0xff, 0xff, 0xff, 0xff, 0xff, 0xff, 0xff, 0xff,
0xff, 0xff, 0xff, 0xff, 0xff, 0xff, 0xff, 0xff, 0xff, 0xff, 0xff, 0xff, 0xff, 0xff, 0xff, 0xff,
0xff, 0xff, 0xff, 0xff, 0xff, 0xff, 0xff, 0xff, 0xff, 0xff, 0x31, 0x00, 0xce, 0xff, 0xff, 0xff,
0xff, 0xff, 0xff, 0xff, 0xff, 0xff, 0xff, 0xff, 0xff, 0xff, 0xff, 0xff, 0xff, 0xff, 0xff, 0xff,
0xff, 0xff, 0xff, 0xff, 0xff, 0xff, 0xff, 0xff, 0xff, 0xff, 0xff, 0xff, 0xff, 0xff, 0xff, 0xff,
0xff, 0xff, 0xff, 0xff, 0xff, 0xff, 0xff, 0xff, 0xff, 0xff, 0xff, 0xff, 0xff, 0xff, 0xff, 0xff,
0xff, 0xff, 0xff, 0xff, 0xff, 0xff, 0xff, 0xff, 0xff, 0xff, 0xff, 0xff, 0xff, 0xff, 0xff, 0xff,
0xff, 0xff, 0xff, 0xff, 0xff, 0xff, 0xff, 0xff, 0xff, 0xff, 0xff, 0xff, 0xff, 0xff, 0xfb, 0x08,
0x00, 0x99, 0xff, 0xff, 0xff, 0xff, 0xff, 0xff, 0xff, 0xff, 0xff, 0xff, 0xff, 0xff, 0xff, 0xff,
0xff, 0xff, 0xff, 0xff, 0xff, 0xff, 0xff, 0xff, 0xff, 0xff, 0xff, 0xff, 0xff, 0xff, 0xff, 0xff,
0xff, 0xff, 0xff, 0xff, 0xff, 0xff, 0xff, 0xff, 0xff, 0xff, 0xff, 0xff, 0xff, 0xff, 0xff, 0xff,
0xff, 0xff, 0xff, 0xff, 0xff, 0xff, 0xff, 0xff, 0xff, 0xff, 0xff, 0xff, 0xff, 0xff, 0xff, 0xff,
0xff, 0xff, 0xff, 0xff, 0xff, 0xff, 0xff, 0xff, 0xff, 0xff, 0xff, 0xff, 0xff, 0xff, 0xff, 0xff,
0xff, 0xff, 0xff, 0xcf, 0x00, 0x00, 0x55, 0xff, 0xff, 0xff, 0xff, 0xff, 0xff, 0xff, 0xff, 0xff,
0xff, 0xff, 0xff, 0xff, 0xff, 0xff, 0xff, 0xff, 0xff, 0xff, 0xff, 0xff, 0xff, 0xff, 0xff, 0xff,
0xff, 0xff, 0xff, 0xff, 0xff, 0xff, 0xff, 0xff, 0xff, 0xff, 0xff, 0xff, 0xff, 0xff, 0xff, 0xff,
0xff, 0xff, 0xff, 0xff, 0xff, 0xff, 0xff, 0xff, 0xff, 0xff, 0xff, 0xff, 0xff, 0xff, 0xff, 0xff,
0xff, 0xff, 0xff, 0xff, 0xff, 0xff, 0xff, 0xff, 0xff, 0xff, 0xff, 0xff, 0xff, 0xff, 0xff, 0xff,
0xff, 0xff, 0xff, 0xff, 0xff, 0xff, 0xff, 0xff, 0x90, 0x00, 0x00, 0x0f, 0xfa, 0xff, 0xff, 0xff,
0xff, 0xff, 0xff, 0xff, 0xff, 0xff, 0xff, 0xff, 0xff, 0xff, 0xff, 0xff, 0xff, 0xff, 0xff, 0xff,
0xff, 0xff, 0xff, 0xff, 0xff, 0xff, 0xff, 0xff, 0xff, 0xff, 0xff, 0xff, 0xff, 0xff, 0xff, 0xff,
0xff, 0xff, 0xff, 0xff, 0xff, 0xff, 0xff, 0xff, 0xff, 0xff, 0xff, 0xff, 0xff, 0xff, 0xff, 0xff,
0xff, 0xff, 0xff, 0xff, 0xff, 0xff, 0xff, 0xff, 0xff, 0xff, 0xff, 0xff, 0xff, 0xff, 0xff, 0xff,
0xff, 0xff, 0xff, 0xff, 0xff, 0xff, 0xff, 0xff, 0xff, 0xff, 0xff, 0xff, 0xff, 0x49, 0x00, 0x00,
0x00, 0xbd, 0xff, 0xff, 0xff, 0xff, 0xff, 0xff, 0xff, 0xff, 0xff, 0xff, 0xff, 0xff, 0xff, 0xff,
0xff, 0xff, 0xff, 0xff, 0xff, 0xff, 0xff, 0xff, 0xff, 0xff, 0xff, 0xff, 0xff, 0xff, 0xff, 0xff,
0xff, 0xff, 0xff, 0xff, 0xff, 0xff, 0xff, 0xff, 0xff, 0xff, 0xff, 0xff, 0xff, 0xff, 0xff, 0xff,
0xff, 0xff, 0xff, 0xff, 0xff, 0xff, 0xff, 0xff, 0xff, 0xff, 0xff, 0xff, 0xff, 0xff, 0xff, 0xff,
0xff, 0xff, 0xff, 0xff, 0xff, 0xff, 0xff, 0xff, 0xff, 0xff, 0xff, 0xff, 0xff, 0xff, 0xff, 0xff,
0xff, 0xf1, 0x07, 0x00, 0x00, 0x00, 0x6c, 0xff, 0xff, 0xff, 0xff, 0xff, 0xff, 0xff, 0xff, 0xff,
0xff, 0xff, 0xff, 0xff, 0xff, 0xff, 0xff, 0xff, 0xff, 0xff, 0xff, 0xff, 0xff, 0xff, 0xff, 0xff,
0xff, 0xff, 0xff, 0xff, 0xff, 0xff, 0xff, 0xff, 0xff, 0xff, 0xff, 0xff, 0xff, 0xff, 0xff, 0xff,
0xff, 0xff, 0xff, 0xff, 0xff, 0xff, 0xff, 0xff, 0xff, 0xff, 0xff, 0xff, 0xff, 0xff, 0xff, 0xff,
0xff, 0xff, 0xff, 0xff, 0xff, 0xff, 0xff, 0xff, 0xff, 0xff, 0xff, 0xff, 0xff, 0xff, 0xff, 0xff,
0xff, 0xff, 0xff, 0xff, 0xff, 0xff, 0xa0, 0x00, 0x00, 0x00, 0x00, 0x12, 0xf7, 0xff, 0xff, 0xff,
0xff, 0xff, 0xff, 0xff, 0xff, 0xff, 0xff, 0xff, 0xff, 0xff, 0xff, 0xff, 0xff, 0xff, 0xff, 0xff,
0xff, 0xff, 0xff, 0xff, 0xff, 0xff, 0xff, 0xff, 0xff, 0xff, 0xff, 0xff, 0xff, 0xff, 0xff, 0xff,
0xff, 0xff, 0xff, 0xff, 0xff, 0xff, 0xff, 0xff, 0xff, 0xff, 0xff, 0xff, 0xff, 0xff, 0xff, 0xff,
0xff, 0xff, 0xff, 0xff, 0xff, 0xff, 0xff, 0xff, 0xff, 0xff, 0xff, 0xff, 0xff, 0xff, 0xff, 0xff,
0xff, 0xff, 0xff, 0xff, 0xff, 0xff, 0xff, 0xff, 0xff, 0xff, 0xff, 0x3e, 0x00, 0x00, 0x00, 0x00,
0x00, 0x9c, 0xff, 0xff, 0xff, 0xff, 0xff, 0xff, 0xff, 0xff, 0xff, 0xff, 0xff, 0xff, 0xff, 0xff,
0xff, 0xff, 0xff, 0xff, 0xff, 0xff, 0xff, 0xff, 0xff, 0xff, 0xff, 0xff, 0xff, 0xff, 0xff, 0xff,
0xff, 0xff, 0xff, 0xff, 0xff, 0xff, 0xff, 0xff, 0xff, 0xff, 0xff, 0xff, 0xff, 0xff, 0xff, 0xff,
0xff, 0xff, 0xff, 0xff, 0xff, 0xff, 0xff, 0xff, 0xff, 0xff, 0xff, 0xff, 0xff, 0xff, 0xff, 0xff,
0xff, 0xff, 0xff, 0xff, 0xff, 0xff, 0xff, 0xff, 0xff, 0xff, 0xff, 0xff, 0xff, 0xff, 0xff, 0xd2,
0x01, 0x00, 0x00, 0x00, 0x00, 0x00, 0x2a, 0xfd, 0xff, 0xff, 0xff, 0xff, 0xff, 0xff, 0xff, 0xff,
0xff, 0xff, 0xff, 0xff, 0xff, 0xff, 0xff, 0xff, 0xff, 0xff, 0xff, 0xff, 0xff, 0xff, 0xff, 0xff,
0xff, 0xff, 0xff, 0xff, 0xff, 0xff, 0xff, 0xff, 0xff, 0xff, 0xff, 0xff, 0xff, 0xff, 0xff, 0xff,
0xff, 0xff, 0xff, 0xff, 0xff, 0xff, 0xff, 0xff, 0xff, 0xff, 0xff, 0xff, 0xff, 0xff, 0xff, 0xff,
0xff, 0xff, 0xff, 0xff, 0xff, 0xff, 0xff, 0xff, 0xff, 0xff, 0xff, 0xff, 0xff, 0xff, 0xff, 0xff,
0xff, 0xff, 0xff, 0xff, 0x5d, 0x00, 0x00, 0x00, 0x00, 0x00, 0x00, 0x00, 0xa5, 0xff, 0xff, 0xff,
0xff, 0xff, 0xff, 0xff, 0xff, 0xff, 0xff, 0xff, 0xff, 0xff, 0xff, 0xff, 0xff, 0xff, 0xff, 0xff,
0xff, 0xff, 0xff, 0xff, 0xff, 0xff, 0xff, 0xff, 0xff, 0xff, 0xff, 0xff, 0xff, 0xff, 0xff, 0xff,
0xff, 0xff, 0xff, 0xff, 0xff, 0xff, 0xff, 0xff, 0xff, 0xff, 0xff, 0xff, 0xff, 0xff, 0xff, 0xff,
0xff, 0xff, 0xff, 0xff, 0xff, 0xff, 0xff, 0xff, 0xff, 0xff, 0xff, 0xff, 0xff, 0xff, 0xff, 0xff,
0xff, 0xff, 0xff, 0xff, 0xff, 0xff, 0xff, 0xff, 0xcf, 0x02, 0x00, 0x00, 0x00, 0x00, 0x00, 0x00,
0x00, 0x24, 0xf9, 0xff, 0xff, 0xff, 0xff, 0xff, 0xff, 0xff, 0xff, 0xff, 0xff, 0xff, 0xff, 0xff,
0xff, 0xff, 0xff, 0xff, 0xff, 0xff, 0xff, 0xff, 0xff, 0xff, 0xff, 0xff, 0xff, 0xff, 0xff, 0xff,
0xff, 0xff, 0xff, 0xff, 0xff, 0xff, 0xff, 0xff, 0xff, 0xff, 0xff, 0xff, 0xff, 0xff, 0xff, 0xff,
0xff, 0xff, 0xff, 0xff, 0xff, 0xff, 0xff, 0xff, 0xff, 0xff, 0xff, 0xff, 0xff, 0xff, 0xff, 0xff,
0xff, 0xff, 0xff, 0xff, 0xff, 0xff, 0xff, 0xff, 0xff, 0xff, 0xff, 0xff, 0xff, 0x48, 0x00, 0x00,
0x00, 0x00, 0x00, 0x00, 0x00, 0x00, 0x00, 0x85, 0xff, 0xff, 0xff, 0xff, 0xff, 0xff, 0xff, 0xff,
0xff, 0xff, 0xff, 0xff, 0xff, 0xff, 0xff, 0xff, 0xff, 0xff, 0xff, 0xff, 0xff, 0xff, 0xff, 0xff,
0xff, 0xff, 0xff, 0xff, 0xff, 0xff, 0xff, 0xff, 0xff, 0xff, 0xff, 0xff, 0xff, 0xff, 0xff, 0xff,
0xff, 0xff, 0xff, 0xff, 0xff, 0xff, 0xff, 0xff, 0xff, 0xff, 0xff, 0xff, 0xff, 0xff, 0xff, 0xff,
0xff, 0xff, 0xff, 0xff, 0xff, 0xff, 0xff, 0xff, 0xff, 0xff, 0xff, 0xff, 0xff, 0xff, 0xff, 0xff,
0xff, 0xb7, 0x00, 0x00, 0x00, 0x00, 0x00, 0x00, 0x00, 0x00, 0x00, 0x00, 0x09, 0xd9, 0xff, 0xff,
0xff, 0xff, 0xff, 0xff, 0xff, 0xff, 0xff, 0xff, 0xff, 0xff, 0xff, 0xff, 0xff, 0xff, 0xff, 0xff,
0xff, 0xff, 0xff, 0xff, 0xff, 0xff, 0xff, 0xff, 0xff, 0xff, 0xff, 0xff, 0xff, 0xff, 0xff, 0xff,
0xff, 0xff, 0xff, 0xff, 0xff, 0xff, 0xff, 0xff, 0xff, 0xff, 0xff, 0xff, 0xff, 0xff, 0xff, 0xff,
0xff, 0xff, 0xff, 0xff, 0xff, 0xff, 0xff, 0xff, 0xff, 0xff, 0xff, 0xff, 0xff, 0xff, 0xff, 0xff,
0xff, 0xff, 0xff, 0xff, 0xff, 0xf1, 0x20, 0x00, 0x00, 0x00, 0x00, 0x00, 0x00, 0x00, 0x00, 0x00,
0x00, 0x00, 0x39, 0xfb, 0xff, 0xff, 0xff, 0xff, 0xff, 0xff, 0xff, 0xff, 0xff, 0xff, 0xff, 0xff,
0xff, 0xff, 0xff, 0xff, 0xff, 0xff, 0xff, 0xff, 0xff, 0xff, 0xff, 0xff, 0xff, 0xff, 0xff, 0xff,
0xff, 0xff, 0xff, 0xff, 0xff, 0xff, 0xff, 0xff, 0xff, 0xff, 0xff, 0xff, 0xff, 0xff, 0xff, 0xff,
0xff, 0xff, 0xff, 0xff, 0xff, 0xff, 0xff, 0xff, 0xff, 0xff, 0xff, 0xff, 0xff, 0xff, 0xff, 0xff,
0xff, 0xff, 0xff, 0xff, 0xff, 0xff, 0xff, 0xff, 0xff, 0xff, 0x5e, 0x00, 0x00, 0x00, 0x00, 0x00,
0x00, 0x00, 0x00, 0x00, 0x00, 0x00, 0x00, 0x00, 0x78, 0xff, 0xff, 0xff, 0xff, 0xff, 0xff, 0xff,
0xff, 0xff, 0xff, 0xff, 0xff, 0xff, 0xff, 0xff, 0xff, 0xff, 0xff, 0xff, 0xff, 0xff, 0xff, 0xff,
0xff, 0xff, 0xff, 0xff, 0xff, 0xff, 0xff, 0xff, 0xff, 0xff, 0xff, 0xff, 0xff, 0xff, 0xff, 0xff,
0xff, 0xff, 0xff, 0xff, 0xff, 0xff, 0xff, 0xff, 0xff, 0xff, 0xff, 0xff, 0xff, 0xff, 0xff, 0xff,
0xff, 0xff, 0xff, 0xff, 0xff, 0xff, 0xff, 0xff, 0xff, 0xff, 0xff, 0xff, 0xff, 0xff, 0xab, 0x00,
0x00, 0x00, 0x00, 0x00, 0x00, 0x00, 0x00, 0x00, 0x00, 0x00, 0x00, 0x00, 0x00, 0x01, 0xa7, 0xff,
0xff, 0xff, 0xff, 0xff, 0xff, 0xff, 0xff, 0xff, 0xff, 0xff, 0xff, 0xff, 0xff, 0xff, 0xff, 0xff,
0xff, 0xff, 0xff, 0xff, 0xff, 0xff, 0xff, 0xff, 0xff, 0xff, 0xff, 0xff, 0xff, 0xff, 0xff, 0xff,
0xff, 0xff, 0xff, 0xff, 0xff, 0xff, 0xff, 0xff, 0xff, 0xff, 0xff, 0xff, 0xff, 0xff, 0xff, 0xff,
0xff, 0xff, 0xff, 0xff, 0xff, 0xff, 0xff, 0xff, 0xff, 0xff, 0xff, 0xff, 0xff, 0xff, 0xff, 0xff,
0xff, 0xff, 0xcf, 0x0d, 0x00, 0x00, 0x00, 0x00, 0x00, 0x00, 0x00, 0x00, 0x00, 0x00, 0x00, 0x00,
0x00, 0x00, 0x00, 0x08, 0xc3, 0xff, 0xff, 0xff, 0xff, 0xff, 0xff, 0xff, 0xff, 0xff, 0xff, 0xff,
0xff, 0xff, 0xff, 0xff, 0xff, 0xff, 0xff, 0xff, 0xff, 0xff, 0xff, 0xff, 0xff, 0xff, 0xff, 0xff,
0xff, 0xff, 0xff, 0xff, 0xff, 0xff, 0xff, 0xff, 0xff, 0xff, 0xff, 0xff, 0xff, 0xff, 0xff, 0xff,
0xff, 0xff, 0xff, 0xff, 0xff, 0xff, 0xff, 0xff, 0xff, 0xff, 0xff, 0xff, 0xff, 0xff, 0xff, 0xff,
0xff, 0xff, 0xff, 0xff, 0xff, 0xff, 0xe5, 0x1c, 0x00, 0x00, 0x00, 0x00, 0x00, 0x00, 0x00, 0x00,
0x00, 0x00, 0x00, 0x00, 0x00, 0x00, 0x00, 0x00, 0x00, 0x14, 0xd9, 0xff, 0xff, 0xff, 0xff, 0xff,
0xff, 0xff, 0xff, 0xff, 0xff, 0xff, 0xff, 0xff, 0xff, 0xff, 0xff, 0xff, 0xff, 0xff, 0xff, 0xff,
0xff, 0xff, 0xff, 0xff, 0xff, 0xff, 0xff, 0xff, 0xff, 0xff, 0xff, 0xff, 0xff, 0xff, 0xff, 0xff,
0xff, 0xff, 0xff, 0xff, 0xff, 0xff, 0xff, 0xff, 0xff, 0xff, 0xff, 0xff, 0xff, 0xff, 0xff, 0xff,
0xff, 0xff, 0xff, 0xff, 0xff, 0xff, 0xff, 0xff, 0xff, 0xff, 0xf0, 0x30, 0x00, 0x00, 0x00, 0x00,
0x00, 0x00, 0x00, 0x00, 0x00, 0x00, 0x00, 0x00, 0x00, 0x00, 0x00, 0x00, 0x00, 0x00, 0x00, 0x17,
0xd2, 0xff, 0xff, 0xff, 0xff, 0xff, 0xff, 0xff, 0xff, 0xff, 0xff, 0xff, 0xff, 0xff, 0xff, 0xff,
0xff, 0xff, 0xff, 0xff, 0xff, 0xff, 0xff, 0xff, 0xff, 0xff, 0xff, 0xff, 0xff, 0xff, 0xff, 0xff,
0xff, 0xff, 0xff, 0xff, 0xff, 0xff, 0xff, 0xff, 0xff, 0xff, 0xff, 0xff, 0xff, 0xff, 0xff, 0xff,
0xff, 0xff, 0xff, 0xff, 0xff, 0xff, 0xff, 0xff, 0xff, 0xff, 0xff, 0xff, 0xff, 0xff, 0xeb, 0x34,
0x00, 0x00, 0x00, 0x00, 0x00, 0x00, 0x00, 0x00, 0x00, 0x00, 0x00, 0x00, 0x00, 0x00, 0x00, 0x00,
0x00, 0x00, 0x00, 0x00, 0x00, 0x14, 0xcb, 0xff, 0xff, 0xff, 0xff, 0xff, 0xff, 0xff, 0xff, 0xff,
0xff, 0xff, 0xff, 0xff, 0xff, 0xff, 0xff, 0xff, 0xff, 0xff, 0xff, 0xff, 0xff, 0xff, 0xff, 0xff,
0xff, 0xff, 0xff, 0xff, 0xff, 0xff, 0xff, 0xff, 0xff, 0xff, 0xff, 0xff, 0xff, 0xff, 0xff, 0xff,
0xff, 0xff, 0xff, 0xff, 0xff, 0xff, 0xff, 0xff, 0xff, 0xff, 0xff, 0xff, 0xff, 0xff, 0xff, 0xff,
0xff, 0xff, 0xe8, 0x2d, 0x00, 0x00, 0x00, 0x00, 0x00, 0x00, 0x00, 0x00, 0x00, 0x00, 0x00, 0x00,
0x00, 0x00, 0x00, 0x00, 0x00, 0x00, 0x00, 0x00, 0x00, 0x00, 0x00, 0x0f, 0xb9, 0xff, 0xff, 0xff,
0xff, 0xff, 0xff, 0xff, 0xff, 0xff, 0xff, 0xff, 0xff, 0xff, 0xff, 0xff, 0xff, 0xff, 0xff, 0xff,
0xff, 0xff, 0xff, 0xff, 0xff, 0xff, 0xff, 0xff, 0xff, 0xff, 0xff, 0xff, 0xff, 0xff, 0xff, 0xff,
0xff, 0xff, 0xff, 0xff, 0xff, 0xff, 0xff, 0xff, 0xff, 0xff, 0xff, 0xff, 0xff, 0xff, 0xff, 0xff,
0xff, 0xff, 0xff, 0xff, 0xff, 0xff, 0xd9, 0x24, 0x00, 0x00, 0x00, 0x00, 0x00, 0x00, 0x00, 0x00,
0x00, 0x00, 0x00, 0x00, 0x00, 0x00, 0x00, 0x00, 0x00, 0x00, 0x00, 0x00, 0x00, 0x00, 0x00, 0x00,
0x00, 0x03, 0x8d, 0xfe, 0xff, 0xff, 0xff, 0xff, 0xff, 0xff, 0xff, 0xff, 0xff, 0xff, 0xff, 0xff,
0xff, 0xff, 0xff, 0xff, 0xff, 0xff, 0xff, 0xff, 0xff, 0xff, 0xff, 0xff, 0xff, 0xff, 0xff, 0xff,
0xff, 0xff, 0xff, 0xff, 0xff, 0xff, 0xff, 0xff, 0xff, 0xff, 0xff, 0xff, 0xff, 0xff, 0xff, 0xff,
0xff, 0xff, 0xff, 0xff, 0xff, 0xff, 0xff, 0xff, 0xff, 0xff, 0xb5, 0x0f, 0x00, 0x00, 0x00, 0x00,
0x00, 0x00, 0x00, 0x00, 0x00, 0x00, 0x00, 0x00, 0x00, 0x00, 0x00, 0x00, 0x00, 0x00, 0x00, 0x00,
0x00, 0x00, 0x00, 0x00, 0x00, 0x00, 0x00, 0x00, 0x4f, 0xea, 0xff, 0xff, 0xff, 0xff, 0xff, 0xff,
0xff, 0xff, 0xff, 0xff, 0xff, 0xff, 0xff, 0xff, 0xff, 0xff, 0xff, 0xff, 0xff, 0xff, 0xff, 0xff,
0xff, 0xff, 0xff, 0xff, 0xff, 0xff, 0xff, 0xff, 0xff, 0xff, 0xff, 0xff, 0xff, 0xff, 0xff, 0xff,
0xff, 0xff, 0xff, 0xff, 0xff, 0xff, 0xff, 0xff, 0xff, 0xff, 0xff, 0xff, 0xff, 0xf9, 0x76, 0x01,
0x00, 0x00, 0x00, 0x00, 0x00, 0x00, 0x00, 0x00, 0x00, 0x00, 0x00, 0x00, 0x00, 0x00, 0x00, 0x00,
0x00, 0x00, 0x00, 0x00, 0x00, 0x00, 0x00, 0x00, 0x00, 0x00, 0x00, 0x00, 0x00, 0x00, 0x14, 0xa5,
0xff, 0xff, 0xff, 0xff, 0xff, 0xff, 0xff, 0xff, 0xff, 0xff, 0xff, 0xff, 0xff, 0xff, 0xff, 0xff,
0xff, 0xff, 0xff, 0xff, 0xff, 0xff, 0xff, 0xff, 0xff, 0xff, 0xff, 0xff, 0xff, 0xff, 0xff, 0xff,
0xff, 0xff, 0xff, 0xff, 0xff, 0xff, 0xff, 0xff, 0xff, 0xff, 0xff, 0xff, 0xff, 0xff, 0xff, 0xff,
0xff, 0xce, 0x2e, 0x00, 0x00, 0x00, 0x00, 0x00, 0x00, 0x00, 0x00, 0x00, 0x00, 0x00, 0x00, 0x00,
0x00, 0x00, 0x00, 0x00, 0x00, 0x00, 0x00, 0x00, 0x00, 0x00, 0x00, 0x00, 0x00, 0x00, 0x00, 0x00,
0x00, 0x00, 0x00, 0x00, 0x00, 0x4d, 0xe1, 0xff, 0xff, 0xff, 0xff, 0xff, 0xff, 0xff, 0xff, 0xff,
0xff, 0xff, 0xff, 0xff, 0xff, 0xff, 0xff, 0xff, 0xff, 0xff, 0xff, 0xff, 0xff, 0xff, 0xff, 0xff,
0xff, 0xff, 0xff, 0xff, 0xff, 0xff, 0xff, 0xff, 0xff, 0xff, 0xff, 0xff, 0xff, 0xff, 0xff, 0xff,
0xff, 0xff, 0xff, 0xff, 0xf1, 0x71, 0x04, 0x00, 0x00, 0x00, 0x00, 0x00, 0x00, 0x00, 0x00, 0x00,
0x00, 0x00, 0x00, 0x00, 0x00, 0x00, 0x00, 0x00, 0x00, 0x00, 0x00, 0x00, 0x00, 0x00, 0x00, 0x00,
0x00, 0x00, 0x00, 0x00, 0x00, 0x00, 0x00, 0x00, 0x00, 0x00, 0x00, 0x08, 0x78, 0xee, 0xff, 0xff,
0xff, 0xff, 0xff, 0xff, 0xff, 0xff, 0xff, 0xff, 0xff, 0xff, 0xff, 0xff, 0xff, 0xff, 0xff, 0xff,
0xff, 0xff, 0xff, 0xff, 0xff, 0xff, 0xff, 0xff, 0xff, 0xff, 0xff, 0xff, 0xff, 0xff, 0xff, 0xff,
0xff, 0xff, 0xff, 0xff, 0xff, 0xff, 0xff, 0xf9, 0x94, 0x15, 0x00, 0x00, 0x00, 0x00, 0x00, 0x00,
0x00, 0x00, 0x00, 0x00, 0x00, 0x00, 0x00, 0x00, 0x00, 0x00, 0x00, 0x00, 0x00, 0x00, 0x00, 0x00,
0x00, 0x00, 0x00, 0x00, 0x00, 0x00, 0x00, 0x00, 0x00, 0x00, 0x00, 0x00, 0x00, 0x00, 0x00, 0x00,
0x00, 0x00, 0x0e, 0x7a, 0xe5, 0xff, 0xff, 0xff, 0xff, 0xff, 0xff, 0xff, 0xff, 0xff, 0xff, 0xff,
0xff, 0xff, 0xff, 0xff, 0xff, 0xff, 0xff, 0xff, 0xff, 0xff, 0xff, 0xff, 0xff, 0xff, 0xff, 0xff,
0xff, 0xff, 0xff, 0xff, 0xff, 0xff, 0xff, 0xff, 0xff, 0xff, 0xf3, 0x92, 0x1e, 0x00, 0x00, 0x00,
0x00, 0x00, 0x00, 0x00, 0x00, 0x00, 0x00, 0x00, 0x00, 0x00, 0x00, 0x00, 0x00, 0x00, 0x00, 0x00,
0x00, 0x00, 0x00, 0x00, 0x00, 0x00, 0x00, 0x00, 0x00, 0x00, 0x00, 0x00, 0x00, 0x00, 0x00, 0x00,
0x00, 0x00, 0x00, 0x00, 0x00, 0x00, 0x00, 0x00, 0x00, 0x04, 0x55, 0xbf, 0xff, 0xff, 0xff, 0xff,
0xff, 0xff, 0xff, 0xff, 0xff, 0xff, 0xff, 0xff, 0xff, 0xff, 0xff, 0xff, 0xff, 0xff, 0xff, 0xff,
0xff, 0xff, 0xff, 0xff, 0xff, 0xff, 0xff, 0xff, 0xff, 0xff, 0xff, 0xff, 0xff, 0xd5, 0x6c, 0x0c,
0x00, 0x00, 0x00, 0x00, 0x00, 0x00, 0x00, 0x00, 0x00, 0x00, 0x00, 0x00, 0x00, 0x00, 0x00, 0x00,
0x00, 0x00, 0x00, 0x00, 0x00, 0x00, 0x00, 0x00, 0x00, 0x00, 0x00, 0x00, 0x00, 0x00, 0x00, 0x00,
0x00, 0x00, 0x00, 0x00, 0x00, 0x00, 0x00, 0x00, 0x00, 0x00, 0x00, 0x00, 0x00, 0x00, 0x00, 0x00,
0x00, 0x25, 0x76, 0xc7, 0xfe, 0xff, 0xff, 0xff, 0xff, 0xff, 0xff, 0xff, 0xff, 0xff, 0xff, 0xff,
0xff, 0xff, 0xff, 0xff, 0xff, 0xff, 0xff, 0xff, 0xff, 0xff, 0xff, 0xff, 0xff, 0xff, 0xff, 0xe1,
0x90, 0x38, 0x01, 0x00, 0x00, 0x00, 0x00, 0x00, 0x00, 0x00, 0x00, 0x00, 0x00, 0x00, 0x00, 0x00,
0x00, 0x00, 0x00, 0x00, 0x00, 0x00, 0x00, 0x00, 0x00, 0x00, 0x00, 0x00, 0x00, 0x00, 0x00, 0x00,
0x00, 0x00, 0x00, 0x00, 0x00, 0x00, 0x00, 0x00, 0x00, 0x00, 0x00, 0x00, 0x00, 0x00, 0x00, 0x00,
0x00, 0x00, 0x00, 0x00, 0x00, 0x00, 0x00, 0x00, 0x00, 0x1b, 0x64, 0xa3, 0xdc, 0xff, 0xff, 0xff,
0xff, 0xff, 0xff, 0xff, 0xff, 0xff, 0xff, 0xff, 0xff, 0xff, 0xff, 0xff, 0xff, 0xff, 0xff, 0xff,
0xdf, 0xa7, 0x6e, 0x2d, 0x00, 0x00, 0x00, 0x00, 0x00, 0x00, 0x00, 0x00, 0x00, 0x00, 0x00, 0x00,
0x00, 0x00, 0x00, 0x00, 0x00, 0x00, 0x00, 0x00, 0x00, 0x00, 0x00, 0x00, 0x00, 0x00, 0x00, 0x00,
0x00, 0x00, 0x00, 0x00, 0x00, 0x00, 0x00, 0x00, 0x00, 0x00, 0x00, 0x00, 0x00, 0x00, 0x00, 0x00,
0x00, 0x00, 0x00, 0x00, 0x00, 0x00, 0x00, 0x00, 0x00, 0x00, 0x00, 0x00, 0x00, 0x00, 0x00, 0x00,
0x00, 0x00, 0x12, 0x3f, 0x68, 0x8b, 0xa8, 0xc0, 0xd3, 0xe1, 0xe8, 0xf0, 0xe3, 0xd9, 0xcf, 0xc3,
0xaa, 0x89, 0x67, 0x45, 0x18, 0x00, 0x00, 0x00, 0x00, 0x00, 0x00, 0x00, 0x00, 0x00, 0x00, 0x00,
0x00, 0x00, 0x00, 0x00, 0x00, 0x00, 0x00, 0x00, 0x00, 0x00, 0x00, 0x00, 0x00, 0x00, 0x00, 0x00,
0x00, 0x00, 0x00, 0x00, 0x00, 0x00
};

const lv_image_dsc_t img_biyanzhuangtai_rotated_cw = {
    .header = {
        .magic = LV_IMAGE_HEADER_MAGIC,
        .cf = LV_COLOR_FORMAT_RGB565A8,
        .w = 85,
        .h = 74,
        .stride = 85 * 2,
    },
    .data_size = sizeof(img_biyanzhuangtai_rotated_cw_data),
    .data = (const uint8_t*)img_biyanzhuangtai_rotated_cw_data,
};
